Company Name,Search String
Vertiv Holdings Co,艾默生
Vertiv Holdings Co,网络
Vertiv Holdings Co,能源
Yintech Investment Holdings Limited,银科
Amoi,夏新
China Southern Airlines,中国
China Southern Airlines,南方
China Southern Airlines,航空
"Uniqlo Co., Ltd.",优衣库
"Uniqlo Co., Ltd.",中国
Damco,丹马士
Groupe Beaumanoir,博马
Groupe Beaumanoir,努瓦
Tata Consultancy Services,塔塔
Tata Consultancy Services,咨询
Tata Consultancy Services,服务
Cox Automotive,考克斯
Cox Automotive,汽车
Triumph International,黛安芬
NortonLifeLock Inc.,赛门铁克
Roblox,虚拟
Roblox,世界
Oversea-Chinese Banking Corporation Limited,华侨
Oversea-Chinese Banking Corporation Limited,银行
VF Corporation,威富
iPinYou,品友
iPinYou,互动
BIOBASE,博科
BIOBASE,生物
SAIC General Motors Company Ltd.,上汽
SAIC General Motors Company Ltd.,通用
SAIC General Motors Company Ltd.,汽车
AdMaster,精硕
AdMaster,科技
Cathay United Bank,国泰
Cathay United Bank,世华
China Aerospace International Holdings,中国
China Aerospace International Holdings,航天
China Aerospace International Holdings,国际
Andhra Bank,安得拉邦
Andhra Bank,银行
Align Technology,爱齐
Aitken Spence,艾特肯彭斯
Aitken Spence,海运
Bain & Company,贝恩
Bain & Company,咨询
Bain & Company,贝恩
Bain & Company,策略
Bain & Company,顾问
Xinhuanet,新华
Xinhuanet,通讯社
Xinhuanet,新华社
Cebu Pacific,宿务
Cebu Pacific,太平洋
Cebu Pacific,航空
Hulamin,南非
Hulamin,铝业
Puma Energy,彪马
Puma Energy,能源
MobileIron,思可信
Lumentum,特姆鲁门
Shanghai Fosun Pharmaceutical (Group) Co.,复星
Shanghai Fosun Pharmaceutical (Group) Co.,医药
Sangfor Technologies,深信服
Sangfor Technologies,科技
DP World,迪拜
DP World,环球
DP World,港务
Enel Green Power S.p.A.,埃奈尔
Enel Green Power S.p.A.,绿色
Enel Green Power S.p.A.,能源
"Publix Super Markets, Inc.",大众
"Publix Super Markets, Inc.",超级
"Publix Super Markets, Inc.",市场
GE Aviation,通用
GE Aviation,航空
"ChinaSoft International Co., Ltd.",中
"ChinaSoft International Co., Ltd.",软
"ChinaSoft International Co., Ltd.",国际
"ChinaSoft International Co., Ltd.",科技
"ChinaSoft International Co., Ltd.",服务
Oclaro,奥兰
Oclaro,若
PKN Orlen S.A.,波兰
PKN Orlen S.A.,国营
PKN Orlen S.A.,石油
Camara de Comercio Hispano China,西班牙中国商会
NTUC Income,职总
NTUC Income,英康
NTUC Income,保险
KPMG,毕马威
KPMG,会计
KPMG,事务所
KPMG,安侯
KPMG,建业
Xunlei Limited,迅雷
Xunlei Limited,网络
Xunlei Limited,技术
Maxim Integrated,美信
Maxim Integrated,集成
Modine Manufacturing,摩丁
Modine Manufacturing,制造
Novozymes,诺维信
Travelzoo Inc.,旅游族
Sysco Corporation,西斯科
Lattice Semiconductor,莱迪思
Lattice Semiconductor,半导体
MSL,明思力
Telkom Indonesia,印尼
Telkom Indonesia,电信
"Siliconware Precision Industries Co., Ltd.",硅品
"Siliconware Precision Industries Co., Ltd.",精密
"Siliconware Precision Industries Co., Ltd.",工业
"Siliconware Precision Industries Co., Ltd.",硅品
Bo Le Associates,伯乐
Bo Le Associates,管理
Bo Le Associates,伯乐
Bo Le Associates,人才
Bo Le Associates,咨询
Ancestry,家族网
China Bohai Bank,渤海
China Bohai Bank,银行
Solvay S.A.,索尔维
Solvay S.A.,苏威
Sunoco LP,太阳
Sunoco LP,石油
Nationwide Mutual Insurance Company,美国
Nationwide Mutual Insurance Company,全国
Nationwide Mutual Insurance Company,保险
Infosys Ltd,印孚瑟斯
Encore Capital Group,安
Encore Capital Group,可
Encore Capital Group,资本
Sonatrach,阿尔及利亚
Sonatrach,国家
Sonatrach,石油
Otter Tail Corporation,奥特泰尔
Ficosa,法可赛
Murphy Oil Corporation,墨菲
Murphy Oil Corporation,石油
Kempinski Hotels S.A.,凯宾斯基
Groupe BPCE,法国
Groupe BPCE,银行
GS Caltex,加德士
Pintec Technology Holdings Ltd,品钛
TNK-BP,秋明
TNK-BP,英国
TNK-BP,石油
Solar Power,绿
Solar Power,能
Solar Power,宝
Solar Power,能源
Solar Power,互联网
Taj Hotels,泰姬陵
Taj Hotels,酒店
Taj Hotels,泰姬玛哈酒店
Virgin Media,维珍
Bracebridge Capital,廊桥
Bracebridge Capital,资本
Wynn Macau,永利
Wynn Macau,酒店
Workday,工作日
Schaeffler Technologies AG & Co. KG,舍弗勒
Berkshire Hathaway Energy,伯克希尔
Berkshire Hathaway Energy,哈撒韦
Esri,美国
Esri,环境
Esri,系统
Esri,研究所
Glatfelter,格莱富特
Cox Communications,考克斯
Cox Communications,通信
Cambium Learning Group,加博
Cambium Learning Group,教育
Staubli International AG,史陶比尔
Staubli International AG,杭州
Staubli International AG,精密
Staubli International AG,机械
Staubli International AG,电子
Kimberly-Clark Corporation,金佰利
Kimberly-Clark Corporation,克拉克
"Din Tai Fung Co., Ltd.",鼎泰丰
"Din Tai Fung Co., Ltd.",小吃店
Signify,飞利浦
Signify,照明
Sino Biopharmaceutical,中国
Sino Biopharmaceutical,生物
Sino Biopharmaceutical,制药
Momenta,初速度
Victorinox,维氏
Victorinox,刀具
Victorinox,商业
Victorinox,上海
Zenith Media,实力
Zenith Media,传播
"Ruder Finn, Inc.",罗德
"Ruder Finn, Inc.",公关
Kaiser Permanente,凯萨
Kaiser Permanente,医疗
Kaiser Permanente,机构
Petro-Canada,加拿大
Petro-Canada,石油
Four Seasons Hotels Limited,四季
Four Seasons Hotels Limited,酒店
Edison International,爱迪生
Edison International,国际
Datang Telecom Technology,大唐
Datang Telecom Technology,电信
Datang Telecom Technology,产业
Datang Telecom Technology,科技
Royal Air Maroc,摩洛哥
Royal Air Maroc,皇家
Royal Air Maroc,航空
Pandora,潘多拉
Pandora,珠宝
Superdry,极度
Superdry,干燥
Kingclean Electric Co.,莱克
Kingclean Electric Co.,电气
HAND Enterprise Solutions,汉得
Xiamen ITG Group Corp.,厦门
Xiamen ITG Group Corp.,国贸
Arup Group Limited,奥雅纳
Penn State University,美国
Penn State University,宾夕法尼亚
Penn State University,州立
Penn State University,大学
Rosewood Hotel Group,瑰丽
Rosewood Hotel Group,酒店
Publicis Sapient,阳狮
Publicis Sapient,阳狮
Publicis Sapient,广告
Knowles Corporation,楼氏
Knowles Corporation,电子
Hudson Group,翰德
Carestream,锐珂
Carestream,医疗
"HCA Healthcare, Inc.",医疗
"HCA Healthcare, Inc.",保健
OMV AG,奥地利
OMV AG,石油
OMV AG,天然气
Nippon Express,日本
Nippon Express,通运
Nippon Express,日通
Dollar General Corporation,多来店
Dollar General Corporation,达乐
San Miguel Corporation,生力
PlayStation,游戏站
Portland General Electric,波特兰
Portland General Electric,通用
Portland General Electric,电气
Diebold Nixdorf,迪堡
Diebold Nixdorf,多富
WSP USA,科进
WSP USA,大中华
Yahoo!,雅虎
RATP Group,巴黎
RATP Group,大众
RATP Group,运输
BlueFocus Communication Group,蓝色
BlueFocus Communication Group,光标
BlueFocus Communication Group,传播
Facebook,脸书
First Hawaiian Bank,第一
First Hawaiian Bank,夏威夷
Hong Kong Disneyland,香港
Hong Kong Disneyland,迪士尼
Hong Kong Disneyland,迪斯尼
Hong Kong Disneyland,乐园
Massachusetts Mutual Life Insurance Company,美国
Massachusetts Mutual Life Insurance Company,万通
Massachusetts Mutual Life Insurance Company,互惠
Massachusetts Mutual Life Insurance Company,理财
Massachusetts Mutual Life Insurance Company,保险
General Atomics,通用
General Atomics,原子
Infor,恩富
Infor,软件
Ecovacs Robotics,科沃斯
Global Sources,环球
Global Sources,资源
Shen Me Zhi De Mai,什么
Shen Me Zhi De Mai,值得买
KB Financial Group Inc.,金融
Herbalife Nutrition,康宝莱
Qorvo,科沃
Volvo Cars,沃尔沃
Volvo Cars,汽车
The Kraft Heinz Company,卡夫
The Kraft Heinz Company,食品
The Kraft Heinz Company,卡夫亨氏
JBS S.A.,巴西
Weibo,新浪
Weibo,微博
Tennessee Valley Authority,田纳西河
Tennessee Valley Authority,流域
Tennessee Valley Authority,管理局
Intertek,天祥
Parexel International,精鼎
Parexel International,医药
Taco Bell,塔
Taco Bell,可
Taco Bell,钟
Petroleum Development Oman,阿曼
Petroleum Development Oman,石油
Petroleum Development Oman,开发
Two Sigma Investments,管理
Two Sigma Investments,席斯
Two Sigma Investments,投资
European Bank for Reconstruction and Development,欧洲
European Bank for Reconstruction and Development,复兴
European Bank for Reconstruction and Development,开发
European Bank for Reconstruction and Development,银行
Goertek Inc.,歌尔
TCL Communication Technology Holdings,通讯
TCL Communication Technology Holdings,科技
Daxin Materials Corp.,达兴
Daxin Materials Corp.,材料
The University of Tokyo,东京
The University of Tokyo,大学
Goodix,深圳市
Goodix,汇顶
China Investment Corporation,中国
China Investment Corporation,投资
China Investment Corporation,中投
Dentons,大成
Dentons,律师
Dentons,事务所
Caixin Media,财新
Caixin Media,传媒
NV Bekaert SA,贝卡尔特
"Advantech Co., Ltd.",研华股份有限公司
"Advantech Co., Ltd.",研华
"Advantech Co., Ltd.",科技
Analog Devices,亚德诺
Analog Devices,半导体
Analog Devices,亚德诺半导体技术有限公司
Asea Brown Boveri,阿西布朗
Asea Brown Boveri,勃法瑞
Asea Brown Boveri,瑞典
Asea Brown Boveri,通用电气
Asea Brown Boveri,布朗
Asea Brown Boveri,博韦里
Asea Brown Boveri,瑞典通用电气布朗
Asea Brown Boveri,博韦里
Asea Brown Boveri,瑞士
AT&T Inc.,美国
AT&T Inc.,电话
AT&T Inc.,电报
AT&T Inc.,美国电话电报公司
Accton Technology Corporation,智邦科技
Accton Technology Corporation,智邦
Accton Technology Corporation,科技
Alpha Networks Inc.,明泰
Alpha Networks Inc.,科技
Alpha Networks Inc.,明泰科技
支付宝(中国)网络技术有限公司,支付宝
支付宝(中国)网络技术有限公司,中国
支付宝(中国)网络技术有限公司,网络技术有限公司
支付宝(中国)网络技术有限公司,支付宝
Air Products and Chemicals,空气
Air Products and Chemicals,化工
Air Products and Chemicals,产品
Air Products and Chemicals,空气化工
Asiana Airlines,韩亚
Asiana Airlines,航空
亚信科技控股有限公司,亚信
亚信科技控股有限公司,科技
Braun GmbH,博朗
Braun GmbH,博朗公司
Bridgestone Corporation,普利司通股份有限公司
Bridgestone Corporation,普利司
Bridgestone Corporation,通
Bridgestone Corporation,轮胎
Chanel,香奈儿
CPC Corporation,台湾
CPC Corporation,中油
CPC Corporation,台湾中油股份有限公司
Bureau Veritas S.A.,必维国际检验集团
Bureau Veritas S.A.,必维
Bureau Veritas S.A.,国际
Bureau Veritas S.A.,检验
"Amkor Technology, Inc.",艾克尔
"Amkor Technology, Inc.",国际
"Amkor Technology, Inc.",科技
"Amkor Technology, Inc.",艾克尔国际科技股份有限公司
Clarins Group,娇韵诗
Comcast Corporation,美国
Comcast Corporation,康卡斯特
Comcast Corporation,电信
Comcast Corporation,康卡斯特集团
东亚银行有限公司,东亚
东亚银行有限公司,银行
Cathay Financial Holding,国泰
Cathay Financial Holding,金融
Cathay Financial Holding,国泰金融控股股份有限公司
Covance Inc.,科文斯
DBS Bank Ltd,星展
DBS Bank Ltd,银行
DBS Bank Ltd,星展银行有限公司
Edeka Group,埃德卡超市
Edeka Group,埃德卡
Edeka Group,德国
Edeka Group,艾德卡
Edelman,爱德曼国际公关
Edelman,爱德曼
Edelman,国际
Edelman,公关
Beyondsoft,博彦
Beyondsoft,科技
Beyondsoft,博彦科技股份有限公司
Beiersdorf AG,拜尔斯道夫
Beiersdorf AG,拜尔斯道夫股份公司
Freddie Mac,联邦
Freddie Mac,住房
Freddie Mac,抵押
Freddie Mac,贷款
Freddie Mac,房贷美
Freddie Mac,房地美
Banco Bradesco S.A.,巴西
Banco Bradesco S.A.,布拉德斯科
Banco Bradesco S.A.,银行
Banco Bradesco S.A.,布拉德斯科银行
Inventec Corporation,英华达
Inventec Corporation,英业达股份有限公司
Inventec Corporation,英业
Inventec Corporation,达
Bestseller,绫致
Bestseller,时装
Bestseller,绫致时装
CMA CGM S.A.,达飞海运集团
CMA CGM S.A.,法国
CMA CGM S.A.,达飞
CMA CGM S.A.,海运
Epistar Corp,晶元
Epistar Corp,光电
Epistar Corp,晶元光电股份有限公司
MicroStrategy Incorporated,微策略
Ogilvy,奥美
Ogilvy,公关
Ogilvy,奥美
Compass Group plc,康帕斯
Compass Group plc,金巴斯
Compass Group plc,金巴斯集团
United States Postal Service,美国
United States Postal Service,邮政
United States Postal Service,美国邮政总局
University of California - San Diego,美国
University of California - San Diego,加州
University of California - San Diego,大学
University of California - San Diego,圣迭戈
University of California - San Diego,分校
University of California - San Diego,圣迭戈加利福尼亚大学
"Mars, Inc.",玛氏
"Mars, Inc.",食品
"Mars, Inc.",玛氏食品
Crystal International Group Limited,晶苑国际集团有限公司
Crystal International Group Limited,晶苑
Crystal International Group Limited,国际
Richemont Group,历峰集团
Richemont Group,历峰
Swarovski,施华洛世奇
Target Corporation,塔吉特
Target Corporation,百货
Target Corporation,塔吉特百货公司
Tesco PLC,特易购
Tesco PLC,乐购
Molex Incorporated,莫仕
Thermo Fisher Scientific Inc.,赛默飞世尔科技
Thermo Fisher Scientific Inc.,赛默
Thermo Fisher Scientific Inc.,飞世尔
Thermo Fisher Scientific Inc.,科技
Cushman & Wakefield,高纬
Cushman & Wakefield,环球
Cushman & Wakefield,戴德梁行
Euronext,海尼根
Euronext,海尼
Euronext,喜力
Euronext,海尼根
MStar Semiconductor,晨星半导体
MStar Semiconductor,晨星
MStar Semiconductor,半导体
EVA Air,长荣航空
EVA Air,长荣
EVA Air,航空
World Fuel Services Corporation,全球
World Fuel Services Corporation,燃料
World Fuel Services Corporation,服务
World Fuel Services Corporation,全球燃料服务公司
恒生银行有限公司,恒生
恒生银行有限公司,银行
"Yum! Brands, Inc.",肯德基
"Yum! Brands, Inc.",百胜
"Yum! Brands, Inc.",餐饮
"Yum! Brands, Inc.",百胜餐饮集团
Primax Electronics Ltd,致伸科技股份有限公司
Primax Electronics Ltd,致伸
Primax Electronics Ltd,科技
Hewlett-Packard Company,惠烈
Hewlett-Packard Company,普克
Hewlett-Packard Company,惠普
Hewlett-Packard Company,惠烈
Hewlett-Packard Company,普克公司
Hewlett-Packard Company,惠普
Hewlett-Packard Company,企业
Hewlett-Packard Company,服务
新浪公司,新浪
"Hitachi, Ltd.",日立
"Hitachi, Ltd.",制作所
"Hitachi, Ltd.",株式会社日立制作所
香港铁路有限公司,港铁
香港铁路有限公司,香港
香港铁路有限公司,铁路
Louis Vuitton,路易威登
NetDragon Websoft Inc.,网龙网络有限公司
NetDragon Websoft Inc.,网龙
NetDragon Websoft Inc.,网络
Oracle Corporation,甲骨文公司
Oracle Corporation,甲骨文
Oracle Corporation,美商
Oracle Corporation,甲骨文
Oracle Corporation,太阳
Oracle Corporation,计算机
Oracle Corporation,系统
Federal Electricity Commission,墨西哥联邦电力监察委员会
Federal Electricity Commission,墨西哥
Federal Electricity Commission,联邦
Federal Electricity Commission,电力
Federal Electricity Commission,监察
Federal Electricity Commission,委员会
Hilti Group,喜利
Hilti Group,得
Hilti Group,喜利得公司
Mastercard Incorporated,万事达卡公司
Mastercard Incorporated,万事达卡
Linde plc,林德
Linde plc,林德集团
Dentsu Inc.,株式会社电通
Dentsu Inc.,电通
Lam Research Corporation,泛林
Lam Research Corporation,科林
Lam Research Corporation,研发
Lam Research Corporation,泛林集团
文晔科技股份有限公司,文晔
文晔科技股份有限公司,科技
Randstad Holding NV,任仕达控股
Randstad Holding NV,任仕达
"Whole Foods Market, Inc.",全食超市
"The Home Depot, Inc.",家
"The Home Depot, Inc.",得
"The Home Depot, Inc.",宝
"The Home Depot, Inc.",家得宝
"Wonders Information Co., Ltd.",万达信息股份有限公司
"Wonders Information Co., Ltd.",万达
"Wonders Information Co., Ltd.",信息
Korn Ferry,光辉
Korn Ferry,国际
Korn Ferry,光辉国际
Newegg Inc.,新蛋
Newegg Inc.,新蛋公司
"Delta Electronics, Inc.",台达电子工业股份有限公司
"Delta Electronics, Inc.",台达
"Delta Electronics, Inc.",电子
"Delta Electronics, Inc.",工业
Hays plc,瀚纳仕
Hays plc,人才
Hays plc,管理
Hays plc,咨询
Hays plc,瀚纳仕人才管理咨询有限公司
"Micron Technology, Inc.",美光科技公司
"Micron Technology, Inc.",美光
"Micron Technology, Inc.",科技
"Micron Technology, Inc.",镁光
"Micron Technology, Inc.",科技
中国移动有限公司,中国
中国移动有限公司,移动
中国移动有限公司,通信
迈瑞医疗,深圳
迈瑞医疗,迈瑞
英皇集团,英皇
"Tyson Foods, Inc.",泰森
"Tyson Foods, Inc.",食品
"Tyson Foods, Inc.",泰森食品
Swiss Reinsurance Company Ltd,瑞士再保险
Swiss Reinsurance Company Ltd,瑞士
Swiss Reinsurance Company Ltd,再
Swiss Reinsurance Company Ltd,保险
Prudential plc,英国保诚集团
Prudential plc,英国
Prudential plc,保诚
State Bank of India,印度国家银行
State Bank of India,印度
State Bank of India,国家
State Bank of India,银行
"Morningstar, Inc.",晨星公司
"Morningstar, Inc.",晨星
"VIA Technologies, Inc.",威盛电子股份有限公司
"VIA Technologies, Inc.",威盛
"VIA Technologies, Inc.",电子
WIN Semiconductors Corp.,稳懋半导体股份有限公
WIN Semiconductors Corp.,稳懋
WIN Semiconductors Corp.,半导体
Swatch Group Ltd.,斯沃琪集团
Swatch Group Ltd.,斯沃琪
"Uber Technologies, Inc.",优步
Virtuos,维塔士
Taisei Corporation,大成建设株式会社
Taisei Corporation,大成
Taisei Corporation,建设
"Banco Santander, S.A.",西班牙
"Banco Santander, S.A.",国际
"Banco Santander, S.A.",银行
"Banco Santander, S.A.",桑坦德银行
"Banco Santander, S.A.",桑坦德
"Banco Santander, S.A.",银行
"Banco Santander, S.A.",西班牙
"Banco Santander, S.A.",国家
"Banco Santander, S.A.",银行
MediaTek Inc.,联发科技股份有限公司
MediaTek Inc.,联发科
MediaTek Inc.,联发
MediaTek Inc.,科技
"Mercer, LLC",美世
"Mercer, LLC",咨询
"Mercer, LLC",美世咨询公司
UniCredit SpA,裕信
UniCredit SpA,银行
UniCredit SpA,裕信银行
UniCredit SpA,联合
UniCredit SpA,信贷
北京畅游时代数码技术有限公司,北京
北京畅游时代数码技术有限公司,畅游
北京畅游时代数码技术有限公司,时代
北京畅游时代数码技术有限公司,数码
互动通,互动通
豆瓣,豆瓣
MGM Macau,澳门
MGM Macau,美高梅
MGM Macau,澳门美高梅
人人网,校内网
人人网,人人网
趣加,趣加
趣加,游戏
搜狗,搜狗
Zhong Lun Law Firm,中伦律师事务所
Zhong Lun Law Firm,中伦
Zhong Lun Law Firm,律师
Zhong Lun Law Firm,事务所
"CTBC Bank Co., Ltd.",中国
"CTBC Bank Co., Ltd.",信托
"CTBC Bank Co., Ltd.",商业
"CTBC Bank Co., Ltd.",银行
"CTBC Bank Co., Ltd.",中信商银
"CTBC Bank Co., Ltd.",中信银行
"CTBC Bank Co., Ltd.",中国信托商业银行股份有限公司
"Dynacolor,inc.",彩富
"Dynacolor,inc.",电子
"Dynacolor,inc.",彩富电子股份有限公司
Mondelēz International,亿滋国际
Mondelēz International,亿滋
Mondelēz International,国际
Mondelēz International,亿滋
Mondelēz International,食品
58同城,同城
Far Eastern New Century Corporation,远东
Far Eastern New Century Corporation,新世纪
Far Eastern New Century Corporation,远东新世纪股份有限公司
触宝,触宝
"TCI Co., Ltd.",大江生医股份有限公司
"TCI Co., Ltd.",大江
"TCI Co., Ltd.",生医
Jollychic,浙江执御信息技术有限公司
Jollychic,浙江
Jollychic,执御
Jollychic,信息
Jollychic,技术
Pou Chen Corporation,宝成
Pou Chen Corporation,工业
Pou Chen Corporation,国际
Pou Chen Corporation,宝成工业股份有限公司
中国中信集团有限公司,中国
中国中信集团有限公司,中信
中科软科技股份有限公司,中科软
Covestro AG,科思创
绿地控股集团股份有限公司,绿地
远东宏信有限公司,远东
远东宏信有限公司,宏信
UberEATS,优食
Novatek Microelectronics Corp.,联咏
Novatek Microelectronics Corp.,科技
Novatek Microelectronics Corp.,联咏科技股份有限公司
国信证券股份有限公司,国信
国信证券股份有限公司,证券
汽车之家,汽车
汽车之家,之
汽车之家,家
BenQ Materials Corporation,明基
BenQ Materials Corporation,材料
BenQ Materials Corporation,明基材料股份有限公司
Wanda Group,万达
Wanda Group,网科云
Wanda Group,万达
Wanda Group,万达集团
Wanda Group,万达
Wanda Group,酒店
Wanda Group,及
Wanda Group,度假村
中远海运港口有限公司,中远
中远海运港口有限公司,海运
中远海运港口有限公司,港口
The Walt Disney Company,华特
The Walt Disney Company,迪士尼
The Walt Disney Company,华特迪士尼公司
The Walt Disney Company,华特迪斯尼
红星美凯龙,红星
红星美凯龙,美凯龙
CTCI Corporation,中鼎工程股份有限公司
CTCI Corporation,中鼎
CTCI Corporation,工程
COFCO International,中粮国际
蔚来汽车,蔚来
蔚来汽车,汽车
途家网网络技术(北京)有限公司,途家网网络技术
途家网网络技术(北京)有限公司,北京
途家网网络技术(北京)有限公司,有限公司
途家网网络技术(北京)有限公司,途家网
途家网网络技术(北京)有限公司,网络
点融网,点融网
寺库,寺库
PageGroup plc,米
PageGroup plc,高
PageGroup plc,蒲志
PageGroup plc,米高蒲志
燃石医学,燃石
燃石医学,医学
Ardentec Technology Inc.,欣铨
Ardentec Technology Inc.,科技
Ardentec Technology Inc.,欣铨科技股份有限公司
Hisense Group,海信
Hisense Group,海信集团有限公司
阳光控股有限公司,阳光
阳光控股有限公司,控股
莎莎国际控股有限公司,莎莎
莎莎国际控股有限公司,香港
趣店,趣店
趣头条,趣头条
Coca-Cola company,可口可乐
Coca-Cola company,可口可乐公司
China South Industries Group Corporation Limited,中国兵器装备集团有限公司
China South Industries Group Corporation Limited,中国
China South Industries Group Corporation Limited,兵器
China South Industries Group Corporation Limited,装备
Thomas Cook,托迈酷客
"MORE Health, Inc.",爱医传递
Quicktron,快仓
GlobalFoundries,格罗方德
GlobalFoundries,半导体
"Naturgy Energy Group, S.A.",西班牙
"Naturgy Energy Group, S.A.",能源
Cedar Holdings Group Co. Ltd.,雪松
Aurora Mobile,极光
Patai Loan,拍拍贷
"FamilyMart Co.,Ltd.",全家
X5 Retail Group,零售
Volvo Penta,沃尔沃
Volvo Penta,遍达
Algar Telecom,阿尔加
Algar Telecom,电信
Lime,共享
Lime,出行
Autoliv,奥托立夫
Autoliv,美安
Boston Beer Company,波士顿
Boston Beer Company,啤酒
Columbia University,哥伦比亚
Columbia University,大学
Brainlab,博医来
"Arrow Electronics, Inc.",艾睿
"Arrow Electronics, Inc.",电子
Bega Cheese,必佳奶酪
Broadcom Inc.,博通
BYD Company Ltd.,比亚迪
"HNA Technology Co., Ltd.",海航
"HNA Technology Co., Ltd.",科技
TBWAShanghai,腾迈
TBWAShanghai,中国
Inke,映客
Inke,直播
Bilibili,哔哩哔哩
Thumbtack,图钉
Guangzhou Shangpin Home Furnishings,尚品
So-Young International,新氧
OneSmart International Education Group Ltd.,精锐
OneSmart International Education Group Ltd.,教育
Equinor,挪威
Equinor,国家
Equinor,石油
Yunji Inc.,云集
OneConnect Technology,平安
OneConnect Technology,金融
OneConnect Technology,壹账通
"ViacomCBS, Inc.",维亚
"ViacomCBS, Inc.",康姆
Veoneer,维宁尔
Alcatel-Lucent Shanghai Bell,阿尔卡特朗讯
Alcatel-Lucent Shanghai Bell,上海
Alcatel-Lucent Shanghai Bell,贝尔
United Space Alliance,联合
United Space Alliance,太空
United Space Alliance,联盟
China Cinda,中国
China Cinda,信达
China Cinda,资产
China Cinda,管理
YY Inc.,欢聚
YY Inc.,时代
Sinohydro Group Limited,中国
Sinohydro Group Limited,水利
Sinohydro Group Limited,水电
Sinohydro Group Limited,建设
Phoenix Contact,菲尼克斯
Phoenix Contact,电气
Huobi Global,火币网
Yango Longking Group,阳光
Yango Longking Group,龙净
New Beijing Chinese Restaurant,北京菜馆
104 Corporation,人力银行
104 Corporation,人力
104 Corporation,银行
99 Ranch Market,大华
99 Ranch Market,超级
99 Ranch Market,市场
99 Ranch Market,大华超级市场
George Weston Limited,乔治威斯顿
Laing O'Rourke,莱恩奥罗克
Raytheon Technologies Corporation,雷神
Raytheon Technologies Corporation,技术
EF Education First,英孚
EF Education First,教育
Kantar,凯度
AEGON N.V.,全球保险集团
AEGON N.V.,全球
AEGON N.V.,保险
AEON Group,永旺
AEON Group,永旺集团有限公司
AB Electrolux,伊莱克斯股份有限公司
AB Electrolux,伊莱克斯
AU Optronics Corporation,友达光电股份有限公司
AU Optronics Corporation,友达
AU Optronics Corporation,光电
"ENEOS Holdings, Inc.",引能
"ENEOS Holdings, Inc.",仕
Expro Industrial Company,艾博实业有限公司
Altra Industrial Motion,奥特拉
Altra Industrial Motion,工业
Altra Industrial Motion,传动
BC Hydro,卑诗
BC Hydro,水电
Southern Cross Austereo,南十字星
Southern Cross Austereo,广播
Saudi Basic Industries Corporation,沙特
Saudi Basic Industries Corporation,基础
Saudi Basic Industries Corporation,工业
Quaker Chemical Corporation,奎克
Quaker Chemical Corporation,化学
Nationwide Building Society,全国
Nationwide Building Society,建筑商
Henry Ford Health System,亨利福特
Henry Ford Health System,医疗
Stanford University,美国
Stanford University,斯坦福
Stanford University,大学
Lear Corporation,李尔
American Family Insurance,美国
American Family Insurance,家庭
American Family Insurance,保险
AECOM,艾奕康
Alaska Airlines,阿拉斯加
Alaska Airlines,航空
Medical Mutual of Ohio,俄亥俄州
Medical Mutual of Ohio,医疗
Medical Mutual of Ohio,互助会
Hella KGaA Hueck & Co.,海拉
Hyatt Hotels Corporation,凯悦
Hyatt Hotels Corporation,酒店
The Madison Square Garden Company,麦迪逊
The Madison Square Garden Company,广场
The Madison Square Garden Company,花园
FleishmanHillard Inc.,福莱
Talanx AG,塔兰克斯
University of Washington,美国
University of Washington,华盛顿
University of Washington,大学
Cengage,圣智
Cengage,学习
Cengage,出版
Mandarin Oriental Hotel Group,台北
Mandarin Oriental Hotel Group,文华
Mandarin Oriental Hotel Group,东方
Mandarin Oriental Hotel Group,酒店
Gameloft,智乐
Gameloft,软件
"JFE Holdings, Inc.",日本
"JFE Holdings, Inc.",钢铁
"JFE Holdings, Inc.",工程
"JFE Holdings, Inc.",杰富意
HNA Group,海航
HNA Group,创新
HNA Group,金融
HNA Group,海航
HNA Group,实业
Huaneng Power International,华能
Huaneng Power International,国际
Huaneng Power International,电力
Humana Inc.,哈门
Humana Inc.,那
Informatica,咨科
Informatica,和
Informatica,信
Informatica,北京
FirstBank Holding Company,第一
FirstBank Holding Company,银行
Faurecia,佛吉亚
Swift Transportation,美国
Swift Transportation,转运
Swift Transportation,交通
bioMerieux,生物
bioMerieux,梅里埃
Marvell Technology Group Ltd.,美满
Marvell Technology Group Ltd.,电子
Marvell Technology Group Ltd.,科技
Hersha Hospitality Trust,赫莎
Hersha Hospitality Trust,酒店
Hersha Hospitality Trust,信托
National Bank of Canada,加拿大
National Bank of Canada,国家
National Bank of Canada,银行
UTStarcom Holdings Corp.,斯达康
Camden Property Trust,卡姆登
Camden Property Trust,房地产
Camden Property Trust,信托
Vornado Realty Trust,沃
Vornado Realty Trust,那
Vornado Realty Trust,多
Vornado Realty Trust,房地产
Vornado Realty Trust,信托
Parametric Technology Corporation,美国
Parametric Technology Corporation,参数
Parametric Technology Corporation,技术
Flight Centre Travel Group,飞行
Flight Centre Travel Group,中心
Flight Centre Travel Group,旅游
Punjab & Sind Bank,旁遮普
Punjab & Sind Bank,和
Punjab & Sind Bank,信德
Punjab & Sind Bank,银行
DB Schenker,全球
DB Schenker,国际
DB Schenker,货运
Sun Chemical,太阳
Sun Chemical,化学
Lennox International,雷诺士
Lennox International,国际
Weber Shandwick,万博
Weber Shandwick,宣伟
Kearney,科尔尼
Aruba Networks,阿鲁巴
Aruba Networks,网络
Baker Hughes Company,贝克休斯
AstraZeneca plc,阿斯利康
AstraZeneca plc,贸易
"Albertsons Companies, Inc.",艾伯森
Amadeus,艾玛迪斯
GE Healthcare,通用
GE Healthcare,电气
GE Healthcare,医疗
INFICON,英
INFICON,福康
Syndicate Bank,辛迪加
Syndicate Bank,银行
Spirax-Sarco Engineering plc,斯派莎克
Spirax-Sarco Engineering plc,工程
Boston Scientific Corporation,波科
Legal & General Group plc,英国
Legal & General Group plc,法通
Legal & General Group plc,保险
Legal & General Group plc,法律
Legal & General Group plc,通用
Ahli United Bank,阿赫利
Ahli United Bank,联合
Ahli United Bank,银行
AcBel Polytech Inc.,康舒
AcBel Polytech Inc.,科技
Mary Kay Inc.,玫
Mary Kay Inc.,琳凯
CNP Assurances S.A.,法国
CNP Assurances S.A.,国家
CNP Assurances S.A.,人寿保险
Wicresoft,微创
Wicresoft,软件
Tetra Tech,德照
Wipro Limited,威普罗
Telecom Egypt,埃及
Telecom Egypt,电信
Accor S.A.,雅高
KDDI Corporation,日本
KDDI Corporation,电信
Aurora Health Care,奥罗拉
First Calgary Financial,第一
First Calgary Financial,卡尔加里
First Calgary Financial,金融
Fidelity National Financial,富达
Fidelity National Financial,国民
Fidelity National Financial,金融
Flex Ltd.,伟创力
Chinese Academy of Sciences,中国
Chinese Academy of Sciences,科学院
Chinese Academy of Sciences,中科院
Chinese Academy of Sciences,中国
Chinese Academy of Sciences,科学院
Chinese Academy of Sciences,软件
Chinese Academy of Sciences,研究所
Booking.com,缤客
Nordson,美国
Nordson,诺信
National Life Group,国家
National Life Group,人寿
Novant Health,及
Novant Health,诺瓦特
Novant Health,医疗
"Nuance Communications, Inc.",纽昂司
Coca-Cola HBC,可口可乐
Coca-Cola HBC,希腊
Gordon Food Service,高登
Gordon Food Service,食品
Gordon Food Service,服务
Fuji Electric,富士电机
Avanade,埃维诺
"Applied Materials, Inc.",应用
"Applied Materials, Inc.",材料
"Applied Materials, Inc.",应材
The Ohio State University,俄亥俄
The Ohio State University,州立
The Ohio State University,大学
Citadel,城堡
American Express Company,美国
American Express Company,运通
American Express Company,美国运通公司
Air France-KLM S.A.,法国航空
Air France-KLM S.A.,荷兰皇家航空集团
Air France-KLM S.A.,法国
Air France-KLM S.A.,航空
Air France-KLM S.A.,荷兰
Air France-KLM S.A.,皇家
Air France-KLM S.A.,荷兰皇家航空
Air France-KLM S.A.,法国航空公司
Air France-KLM S.A.,法国
Air France-KLM S.A.,航空
Air France-KLM S.A.,荷兰
Air France-KLM S.A.,皇家
Air France-KLM S.A.,航空
Air Liquide S.A,液化空气集团
Air Liquide S.A,液化
Air Liquide S.A,空气
"Airbnb, Inc.",爱彼迎
Airbus SE,空客
Airbus SE,欧洲
Airbus SE,空客欧洲股份公司
AmerisourceBergen Corporation,美源
AmerisourceBergen Corporation,伯根
AmerisourceBergen Corporation,美源伯根公司
"América Móvil, S.A.B. de C.V",美洲电信股份有限公司
"América Móvil, S.A.B. de C.V",美洲
"América Móvil, S.A.B. de C.V",电信
American way,安利
Berkshire Hathaway Inc.,伯克希尔
Berkshire Hathaway Inc.,哈撒韦股份有限公司
Berkshire Hathaway Inc.,伯克希尔
Berkshire Hathaway Inc.,哈撒韦
Best Buy,百思买
Bharat Petroleum Corporation Limited,巴拉特石油公司
Bharat Petroleum Corporation Limited,巴拉特
Bharat Petroleum Corporation Limited,石油
BenQ Corporation,明基
BenQ Corporation,电通
BenQ Corporation,明基电通股份有限公司
Carnegie Mellon University,卡内基梅隆
Carnegie Mellon University,大学
Carnegie Mellon University,卡内基
Carnegie Mellon University,梅隆大学
Carrefour S.A.,家乐福
Celanese Corporation,塞拉尼斯
Celanese Corporation,塞拉尼斯公司
"Cargill,Incorporated",嘉吉
"Cargill,Incorporated",嘉吉公司
"Cardinal Health, Inc.",卡地纳健康
"Cardinal Health, Inc.",卡地纳
"Cardinal Health, Inc.",健康
Caterpillar Inc.,卡特彼勒
Cathay Life Insurance,国泰人寿
"Compal Electronics, Inc.",仁宝电脑工业股份有限公司
"Compal Electronics, Inc.",仁宝
"Compal Electronics, Inc.",电脑
"Compal Electronics, Inc.",工业
Chubb Limited,安达
Chubb Limited,保险
Chubb Limited,安达保险集团
"Chubu Electric Power Company,Incorporated",中部
"Chubu Electric Power Company,Incorporated",电力
"Chubu Electric Power Company,Incorporated",中部电力股份有限公司
"Chunghwa Telecom Co., Ltd.",中华电信股份有限公司
"Chunghwa Telecom Co., Ltd.",中华
"Chunghwa Telecom Co., Ltd.",电信
ConocoPhillips,康菲公司
ConocoPhillips,康菲
DENSO Corporation,电装公司
DENSO Corporation,电装
Enel S.p.A.,意大利国家电力公司
Enel S.p.A.,意大利
Enel S.p.A.,国家
Enel S.p.A.,电力
Eni S.p.A.,国家碳化氢公司
Eni S.p.A.,国家
Eni S.p.A.,碳化氢
Cigna,信诺
Credit Suisse Group AG,瑞士信贷集团股份有限公司
Credit Suisse Group AG,瑞士
Credit Suisse Group AG,信贷
Deutsche Bank AG,德意志银行股份公司
Deutsche Bank AG,德意志
Deutsche Bank AG,银行
Deutsche Bundesbahn,德国联邦铁路
Deutsche Bundesbahn,德国
Deutsche Bundesbahn,联邦
Deutsche Bundesbahn,铁路
Deutsche Post DHL Group,德国
Deutsche Post DHL Group,邮政
Deutsche Post DHL Group,德国邮政
Deutsche Post DHL Group,集团
Deutsche Telekom AG,德国电信股份公司
Deutsche Telekom AG,德国
Deutsche Telekom AG,电信
Diageo plc,帝亚吉欧公众有限公司
Diageo plc,帝亚
Diageo plc,吉欧
Diageo plc,公众
"Electronic Arts, Inc.",艺电公司
"Electronic Arts, Inc.",艺电
Chevron Corporation,雪佛龙股份有限公司
Chevron Corporation,雪佛龙
Chicago Pneumatic,阿特拉斯
Chicago Pneumatic,科普柯集团
Chicago Pneumatic,阿特拉斯
Chicago Pneumatic,科普柯
"Charter Communications, Inc.",特许
"Charter Communications, Inc.",通讯
"Charter Communications, Inc.",特许通讯公司
"Cisco Systems, Inc.",思科
"Cisco Systems, Inc.",系统
"Cisco Systems, Inc.",思科系统公司
Christian Dior,克丽
Christian Dior,丝汀迪奥
Christian Dior,克丽丝汀
Christian Dior,迪奥公司
Crédit Agricole,法国农业信贷银行
Crédit Agricole,法国
Crédit Agricole,农业
Crédit Agricole,信贷
Crédit Agricole,银行
Cummins Inc.,康明斯
Dow Chemical Company,陶氏化学
Dow Chemical Company,陶氏
Dow Chemical Company,化学
East Japan Railway Company,东
East Japan Railway Company,日本
East Japan Railway Company,旅客
East Japan Railway Company,铁道
East Japan Railway Company,东日本旅客铁道株式会社
Eaton Corporation plc,伊顿
Eaton Corporation plc,飞瑞
Eaton Corporation plc,慕品
Eaton Corporation plc,伊顿飞瑞慕品股份有限公司
Coles Supermarkets Australia Pty Ltd,科尔斯
Coles Supermarkets Australia Pty Ltd,超市
Coles Supermarkets Australia Pty Ltd,科尔斯超市
Colgate-Palmolive,高
Colgate-Palmolive,露洁
Colgate-Palmolive,棕榄
Colgate-Palmolive,高露洁
Colgate-Palmolive,棕榄公司
Cognizant Technology Solutions Corp,高知特
Compagnie Générale des Établissements Michelin,米其林
Compagnie Générale des Établissements Michelin,米其林公司
Compagnie de Saint-Gobain,圣戈班
Compagnie de Saint-Gobain,圣戈班集团
Commonwealth Bank of Australia,澳大利亚联邦银行
Commonwealth Bank of Australia,澳大利亚
Commonwealth Bank of Australia,联邦
Commonwealth Bank of Australia,银行
Daimler AG,戴姆勒
"Daiwa House Industry Co., Ltd.",大和
"Daiwa House Industry Co., Ltd.",房屋
"Daiwa House Industry Co., Ltd.",工业
"Daiwa House Industry Co., Ltd.",大和房屋工业
DZ Bank AG,德国
DZ Bank AG,中央
DZ Bank AG,合作
DZ Bank AG,银行
DZ Bank AG,德国中央合作银行
"Citibank, N.A.",花旗
"Citibank, N.A.",银行
"Citibank, N.A.",花旗银行
Citigroup Inc,花旗
Citigroup Inc,花旗集团
Costco Wholesale Corporation,开市客公司
Costco Wholesale Corporation,开市客
Cornell University,康奈尔
Cornell University,大学
Cornell University,康奈尔大学
Corning Incorporated,康宁
Corning Incorporated,康宁股份有限公司
Continental AG,大陆
Continental AG,大陆集团
Coop Group Switzerland,科浦
Coop Group Switzerland,科浦集团
Coretronic Corporation,中
Coretronic Corporation,强
Coretronic Corporation,光电
Coretronic Corporation,中强光电股份有限公司
Dell Inc.,戴尔股份有限公司
Dell Inc.,戴尔
Deloitte Touche Tohmatsu Limited,德勤
"Delta Air Lines, Inc.",达美
"Delta Air Lines, Inc.",航空
"Delta Air Lines, Inc.",达美航空
Deere & Company,迪尔公司
Deere & Company,迪尔
Decathlon Groupe,迪卡侬集团
Decathlon Groupe,迪卡侬
E.ON,意昂集团
E.ON,意昂
"DuPont de Nemours, Inc.",杜邦公司
"DuPont de Nemours, Inc.",杜邦
Allianz SE,安联
Allianz SE,保险
Allianz SE,安联保险集团
Arkema S.A.,阿科玛
Arizona State University,亚利桑那州立大学
Arizona State University,亚利桑那州
Arizona State University,立
Arizona State University,大学
Bayer AG,拜耳
Bayer AG,拜耳股份公司
Bayerische Motoren Werke AG,巴伐利亚
Bayerische Motoren Werke AG,发动机
Bayerische Motoren Werke AG,制造厂
Bayerische Motoren Werke AG,巴伐利亚发动机制造厂股份有限公司
BearingPoint,毕博
Canon Inc.,佳能
Canon Inc.,佳能株式会社
Capital One Financial Corp.,第一
Capital One Financial Corp.,资本
Capital One Financial Corp.,金融
Capital One Financial Corp.,第一资本金融公司
Capgemini SE,凯捷
Capgemini SE,管理
Capgemini SE,顾问
Capgemini SE,凯捷管理顾问公司
Aktiebolaget SKF,斯凯孚
AkzoNobel,阿克苏诺贝尔
AkzoNobel,阿克苏
AkzoNobel,诺贝尔
"Aisin Seiki Co., Ltd.",爱信
"Aisin Seiki Co., Ltd.",精机
"Aisin Seiki Co., Ltd.",爱信精机
Alcatel-Lucent S.A.,阿尔卡特
Alcatel-Lucent S.A.,朗讯
Alcatel-Lucent S.A.,阿尔卡特朗讯
Bank of America Corporation,美国银行
Bank of America Corporation,美国
Bank of America Corporation,银行
Bank of Brazil,巴西银行
Bank of Brazil,巴西
Bank of Brazil,银行
Bank of Montreal,蒙特利尔银行
Bank of Montreal,蒙特利尔
Bank of Montreal,银行
Bank of Nova Scotia,加拿大丰业银行
Bank of Nova Scotia,加拿大
Bank of Nova Scotia,丰业
Bank of Nova Scotia,银行
"Banco Bilbao Vizcaya Argentaria, S.A.",毕尔巴鄂比斯开银行
"Banco Bilbao Vizcaya Argentaria, S.A.",毕尔巴鄂比斯
"Banco Bilbao Vizcaya Argentaria, S.A.",开
"Banco Bilbao Vizcaya Argentaria, S.A.",银行
Barclays PLC,巴克莱
Barclays PLC,银行
Barclays PLC,巴克莱银行
"CTBC Financial Holding Co., Ltd.",中国信托金融控股股份有限公司
"CTBC Financial Holding Co., Ltd.",中国
"CTBC Financial Holding Co., Ltd.",信托
"CTBC Financial Holding Co., Ltd.",金融
CPC,台湾
CPC,中油
CPC,台湾中油
Caixa Econômica Federal,联邦
Caixa Econômica Federal,储蓄
Caixa Econômica Federal,银行
Caixa Econômica Federal,联邦储蓄银行
CVS Health Corporation,西维斯健康公司
CVS Health Corporation,西维斯
CVS Health Corporation,健康
Anglo American plc,英美资源集团股份有限公司
Anglo American plc,英
Anglo American plc,美
Anglo American plc,资源
Anheuser-Busch InBev SA/NV,百威英博
Anheuser-Busch InBev SA/NV,百威
Anheuser-Busch InBev SA/NV,英博
ArcelorMittal S.A.,安赛
ArcelorMittal S.A.,乐米塔尔
ArcelorMittal S.A.,安赛乐米塔尔
Archer-Daniels-Midland Company,阿奇尔丹尼斯米德兰
Archer-Daniels-Midland Company,阿奇尔丹尼斯米德兰公司
Apple Inc.,苹果
Apple Inc.,苹果公司
B&Q,百安居
BASF SE,巴斯夫
BASF SE,欧洲
BASF SE,巴斯夫欧洲公司
BBDO Worldwide,天联广告公司
BBDO Worldwide,天联
BBDO Worldwide,广告
BHP Group Limited,必和必拓
C.H. Boehringer Sohn AG & Ko. KG,勃林格殷
C.H. Boehringer Sohn AG & Ko. KG,格翰
C.H. Boehringer Sohn AG & Ko. KG,勃林格殷格翰
"CBRE Group, Inc.",世邦
"CBRE Group, Inc.",魏理仕
"CBRE Group, Inc.",世邦魏理仕
"American International Group, Inc.",美国国际集团
"American International Group, Inc.",美国
"American International Group, Inc.",国际
Accenture,埃森哲
Adidas AG,阿迪达斯
"American Airlines Group, Inc.",美国
"American Airlines Group, Inc.",航空
"American Airlines Group, Inc.",美国航空集团公司
Alstom SA,阿尔斯通
Alstom SA,阿尔斯通股份公司
Amazon Web Services,亚马逊网络服务
Amazon Web Services,亚马逊
Amazon Web Services,网络
Amazon Web Services,服务
"Amazon.com, Inc.",亚马逊公司
"Amazon.com, Inc.",亚马逊
Bunge Limited,邦吉公司
Bunge Limited,邦吉
Brookfield Asset Management Inc.,布鲁克菲尔德
Brookfield Asset Management Inc.,资产
Brookfield Asset Management Inc.,管理
Brookfield Asset Management Inc.,布鲁克菲尔德资产管理
ASUSTeK Computer Inc.,华硕
ASUSTeK Computer Inc.,电脑
ASUSTeK Computer Inc.,华硕电脑股份有限公司
AbbVie Inc.,艾伯维
Abbott Laboratories,雅培
BP plc,公众
BP plc,公众有限公司
BNP Paribas S.A.,法国巴黎银行
BNP Paribas S.A.,法国
BNP Paribas S.A.,巴黎
BNP Paribas S.A.,银行
CIeNET Technologies,瞬联
CIeNET Technologies,软件
CIeNET Technologies,瞬联软件科技
CIeNET Technologies,北京
CIeNET Technologies,有限公司
Acer Incorporated,宏碁股份有限公司
Acer Incorporated,宏碁
"Autodesk, Inc.",欧特克股份有限公司
"Autodesk, Inc.",欧特克
Avery Dennison Corporation,艾利丹尼森公司
Avery Dennison Corporation,艾利丹尼森
Aviva plc,英杰华
Aviva plc,英杰华集团股份有限公司
"Avon Products, Inc.",雅芳产品公司
"Avon Products, Inc.",雅芳
"Avon Products, Inc.",产品
Auchan Retail International S.A.,欧尚
Australia and New Zealand Banking Group Limited,澳大利亚和新西兰银行集团
Australia and New Zealand Banking Group Limited,澳大利亚
Australia and New Zealand Banking Group Limited,和
Australia and New Zealand Banking Group Limited,新西兰
Australia and New Zealand Banking Group Limited,银行
Bristol-Myers Squibb Company,百时美施贵宝
Bristol-Myers Squibb Company,百时美
Bristol-Myers Squibb Company,施贵宝
British American Tobacco plc,英
British American Tobacco plc,美
British American Tobacco plc,烟草
British American Tobacco plc,英美烟草公司
British Telecommunications Group plc,英国电信集团
British Telecommunications Group plc,英国
British Telecommunications Group plc,电信
Brazilian Petroleum Corporation,巴西石油股份有限公司
Brazilian Petroleum Corporation,巴西
Brazilian Petroleum Corporation,石油
China Airlines,中华航空
China Airlines,中华
China Airlines,航空
China Daily,中国
China Daily,日报
China Daily,中国日报
China Energy Investment Corporation,国家
China Energy Investment Corporation,能源
China Energy Investment Corporation,投资
China Energy Investment Corporation,国家能源投资集团有限责任公司
"China Resources Holdings Co., Ltd",华润集团
"China Resources Holdings Co., Ltd",华润
China Resources Power Holdings Company Limited,华润
China Resources Power Holdings Company Limited,电力
China Resources Power Holdings Company Limited,华润电力控股有限公司
China UnionPay,中国
China UnionPay,银联
China UnionPay,中国银联股份有限公司
Exelon Corporation,艾索伦
Exelon Corporation,电力
Exelon Corporation,艾索伦电力公司
Ernst & Young Global Limited,安永
Ernst & Young Global Limited,会计师
Ernst & Young Global Limited,事务所
Ernst & Young Global Limited,安永会计师事务所
"Estée Lauder Companies, Inc.",雅诗兰黛公司
"Estée Lauder Companies, Inc.",雅诗兰
"Estée Lauder Companies, Inc.",黛
Evonik Industries AG,赢创工业
Evonik Industries AG,赢创
Evonik Industries AG,工业
"Fubon Financial Holding Co., ltd.",富邦
"Fubon Financial Holding Co., ltd.",金融
"Fubon Financial Holding Co., ltd.",富邦金融控股股份有限公司
Fujitsu Limited,富士通株式会社
Fujitsu Limited,富士通
Frost & Sullivan,弗若斯特沙利文
Frost & Sullivan,弗若斯特
Frost & Sullivan,沙利文
Fresenius SE & Co. KGaA,费森尤斯
Fresenius SE & Co. KGaA,欧洲
Fresenius SE & Co. KGaA,两
Fresenius SE & Co. KGaA,合
Fresenius SE & Co. KGaA,费森尤斯欧洲股份两合公司
Google LLC,谷歌
Grant Thornton International Ltd.,致同国际
Grant Thornton International Ltd.,致同
Grant Thornton International Ltd.,国际
"Far EasTone Telecommunications Co., Ltd.",远传电信股份有限公司
"Far EasTone Telecommunications Co., Ltd.",远传
"Far EasTone Telecommunications Co., Ltd.",电信
"Feng Tay Enterprise Co., Ltd.",丰泰企业股份有限公司
"Feng Tay Enterprise Co., Ltd.",丰泰
Fiat Chrysler Automobiles N.V.,菲亚特
Fiat Chrysler Automobiles N.V.,克莱斯勒
Fiat Chrysler Automobiles N.V.,汽车
Fiat Chrysler Automobiles N.V.,菲亚特克莱斯勒汽车
FedEx Corporation,联邦快递
FedEx Corporation,联邦
FedEx Corporation,快递
Fannie Mae,房利美
"Guangxi Investment Group Co.,Ltd.",广西
"Guangxi Investment Group Co.,Ltd.",投资
"Guangxi Investment Group Co.,Ltd.",广西投资集团有限公司
H. J. Heinz Company,亨氏
H. J. Heinz Company,食品
H. J. Heinz Company,亨氏食品公司
"HCR Co., Ltd.",北京慧辰资道资讯股份有限公司
"HCR Co., Ltd.",北京
"HCR Co., Ltd.",慧辰
"HCR Co., Ltd.",资道
"HCR Co., Ltd.",资讯
"HCR Co., Ltd.",慧辰
"HCR Co., Ltd.",资讯
"HCR Co., Ltd.",慧辰资讯
Ford Motor Company,福特汽车公司
Ford Motor Company,福特
Ford Motor Company,汽车
General Dynamics Corporation,通用动力公司
General Dynamics Corporation,通用
General Dynamics Corporation,动力
General Electric Company,通用
General Electric Company,电气
General Electric Company,通用电气
"General Mills, Inc.",通用磨坊
"General Mills, Inc.",通用
"General Mills, Inc.",磨坊
General Motors Company,通用
General Motors Company,汽车
General Motors Company,通用汽车公司
Gazprom PJSC,俄罗斯天然气工业股份公司
Gazprom PJSC,俄罗斯
Gazprom PJSC,天然气
Gazprom PJSC,工业
Hanwha Group,韩华
Hanwha Group,韩华集团
"Harman International Industries, Incorporated",哈曼国际工业公司
"Harman International Industries, Incorporated",哈曼
"Harman International Industries, Incorporated",国际
"Harman International Industries, Incorporated",工业
GlaxoSmithKline plc,葛兰素史克股份有限公司
GlaxoSmithKline plc,葛兰素史克
Glencore Plc,嘉能可
Giant Manufacturing Co. Ltd.,巨大
Giant Manufacturing Co. Ltd.,机械
Giant Manufacturing Co. Ltd.,工业
Giant Manufacturing Co. Ltd.,巨大机械工业股份有限公司
Halliburton Company,哈里伯顿公司
Halliburton Company,哈里伯顿
Hailiang Group Company Limited,海亮集团有限公司
Hailiang Group Company Limited,海亮
HSBC Holdings plc,汇丰控股有限公司
HSBC Holdings plc,汇丰
HTC Corporation,宏达国际电子股份有限公司
HTC Corporation,宏达
HTC Corporation,国际
HTC Corporation,电子
HGC Global Communications Limited,环球
HGC Global Communications Limited,全域
HGC Global Communications Limited,电讯
HGC Global Communications Limited,环球全域电讯有限公司
"Hill+Knowlton Strategies, Inc.",伟达
"Hill+Knowlton Strategies, Inc.",公共
"Hill+Knowlton Strategies, Inc.",关系
"Hill+Knowlton Strategies, Inc.",顾问
"Hill+Knowlton Strategies, Inc.",伟达公共关系顾问公司
Hillhouse Capital Group,高瓴资本集团
Hillhouse Capital Group,高瓴
Hillhouse Capital Group,资本
Hewlett Packard Enterprise,慧与科技
Hewlett Packard Enterprise,慧与
"Hon Hai Precision Industry Co., Ltd.",鸿海精密工业股份有限公司
"Hon Hai Precision Industry Co., Ltd.",鸿海精密
"Hon Hai Precision Industry Co., Ltd.",工业
"Honda Motor Co., Ltd.",本田技研工业株式会社
"Honda Motor Co., Ltd.",本田
"Honda Motor Co., Ltd.",技研
"Honda Motor Co., Ltd.",工业
"Industria de Diseño Textil, S.A.",盈迪德集团
"Industria de Diseño Textil, S.A.",盈迪德
Indian Oil Corporation Limited,印度石油公司
Indian Oil Corporation Limited,印度
Indian Oil Corporation Limited,石油
Innolux Corporation,群创光电股份有限公司
Innolux Corporation,群创
Innolux Corporation,光电
Ingersoll-Rand plc,英格索兰
Ingersoll-Rand plc,英格
Ingersoll-Rand plc,索兰
Infineon Technologies AG,英
Infineon Technologies AG,飞凌
Infineon Technologies AG,英飞凌科技股份有限公司
J. Walter Thompson,智威
J. Walter Thompson,汤逊
J. Walter Thompson,智威汤逊
Jabil Inc.,捷普
Jabil Inc.,捷普科技
JD Group,京东集团股份有限公司
JD Group,京东
JPMorgan Chase & Co.,摩根大通
"Honeywell International, Inc.",霍尼韦尔国际公司
"Honeywell International, Inc.",霍尼韦尔
"Honeywell International, Inc.",国际
ING Group N.V.,荷兰
ING Group N.V.,国际
ING Group N.V.,荷兰国际集团
IKEA,宜家
IKEA,家居
IKEA,宜家家居
"Idemitsu Kosan Co.,Ltd.",出光
"Idemitsu Kosan Co.,Ltd.",兴产
"Idemitsu Kosan Co.,Ltd.",出光兴产株式会社
Iberdrola,伊比德罗拉
Iberdrola,伊
Iberdrola,比
Iberdrola,德罗拉
Intesa Sanpaolo S.p.A,意大利联合圣保罗银行
Intesa Sanpaolo S.p.A,意大利
Intesa Sanpaolo S.p.A,联合
Intesa Sanpaolo S.p.A,圣保罗
Intesa Sanpaolo S.p.A,银行
Itaú Unibanco Holding S.A.,伊塔乌联合银行
Itaú Unibanco Holding S.A.,伊塔
Itaú Unibanco Holding S.A.,乌
Itaú Unibanco Holding S.A.,联合
Itaú Unibanco Holding S.A.,银行
Itochu Corporation,伊藤忠商事株式会社
Itochu Corporation,伊藤忠
Itochu Corporation,商事
Ipsos Limited,益普索
Johnson Controls International Public Limited Company,江森自控国际股份有限公司
Johnson Controls International Public Limited Company,江森
Johnson Controls International Public Limited Company,自控
Johnson Controls International Public Limited Company,国际
Johnson & Johnson,强生公司
Johnson & Johnson,强生
"Jones Lang LaSalle, Inc.",仲量联行
"Jones Lang LaSalle, Inc.",仲量
"Jones Lang LaSalle, Inc.",联行
Exxon Mobil Corp.,埃克森美孚
Exxon Mobil Corp.,埃克森
Exxon Mobil Corp.,美孚
GroupM,群邑
GroupM,群邑集团
Groupe Danone S.A.,达
Groupe Danone S.A.,能
Groupe Danone S.A.,达能集团
Groupe PSA,标致雪铁龙集团
Groupe PSA,标致
Groupe PSA,雪铁龙
Henkel AG & Co. KGaA,汉高
Henkel AG & Co. KGaA,汉高公司
Heineken N.V.,喜力
AXA S.A.de CV,安盛
"ASE Technology Holding Co., Ltd",日月光
"ASE Technology Holding Co., Ltd",投资
"ASE Technology Holding Co., Ltd",日月光投资控股股份有限公司
ASML Holding N.V.,阿斯麦公司
ASML Holding N.V.,阿斯麦
Atlas Copco AB,阿特拉斯
Atlas Copco AB,科普柯集团
Atlas Copco AB,阿特拉斯
Atlas Copco AB,科普柯
Assicurazioni Generali S.p.A.,忠利
Assicurazioni Generali S.p.A.,保险
Assicurazioni Generali S.p.A.,忠利保险
BorgWarner Inc.,博格华纳
BorgWarner Inc.,博格华纳公司
Boston University,波士顿大学
Boston University,波士顿
Boston University,大学
Bouygues S.A.,布依格
"Chailease Finance Co., Ltd.",中租迪和股份有限公司
"Chailease Finance Co., Ltd.",中租迪
"Chailease Finance Co., Ltd.",和
Centrica plc,森特理克
"MS&AD Insurance Group Holdings, Inc.",保险集团控股有限公司
"MS&AD Insurance Group Holdings, Inc.",保险
"Motorola Solutions, Inc.",摩托罗拉
"Motorola Solutions, Inc.",系统
"Motorola Solutions, Inc.",摩托罗拉系统公司
"Motorola, Inc.",摩托罗拉公司
"Motorola, Inc.",摩托罗拉
Morgan Stanley,摩根士丹利
Nvidia Corporation,英伟
Nvidia Corporation,达
Nvidia Corporation,英伟达
Objectiva,奥博杰天软件
Objectiva,北京
Objectiva,有限公司
Objectiva,奥博杰天
Objectiva,软件
ON Semiconductor,安森美半导体
ON Semiconductor,安森
ON Semiconductor,美
ON Semiconductor,半导体
Kuehne + Nagel International AG und Co.,德迅
LVMH Moët Hennessy Louis Vuitton SE,酩悦
LVMH Moët Hennessy Louis Vuitton SE,轩尼诗
LVMH Moët Hennessy Louis Vuitton SE,路易
LVMH Moët Hennessy Louis Vuitton SE,威登公司
LVMH Moët Hennessy Louis Vuitton SE,酩悦
LVMH Moët Hennessy Louis Vuitton SE,轩尼诗路
LVMH Moët Hennessy Louis Vuitton SE,易
LVMH Moët Hennessy Louis Vuitton SE,威登
Magna International Inc.,麦格纳
Magna International Inc.,国际
Magna International Inc.,麦格纳国际股份公司
Munich Reinsurance Company,慕尼黑
Munich Reinsurance Company,再
Munich Reinsurance Company,保险
Munich Reinsurance Company,慕尼黑再保险公司
Orient Semiconductor Electronics Ltd.,华泰电子股份有限公司
Orient Semiconductor Electronics Ltd.,华泰
Orient Semiconductor Electronics Ltd.,电子
Osram Licht AG,欧司朗
Orange S.A.,法国电信
Orange S.A.,法国
Orange S.A.,电信
LyondellBasell Industries N.V.,利安德巴塞尔
Microsoft Corporation,微软股份有限公司
Microsoft Corporation,微软
MiTAC International Corporation,神达电脑股份有限公司
MiTAC International Corporation,神达
MiTAC International Corporation,电脑
Migros Group,米格罗斯集团
Migros Group,米格罗斯
Nippon Life Insurance Company,日本
Nippon Life Insurance Company,生命
Nippon Life Insurance Company,保险
Nippon Life Insurance Company,相互会社
Nippon Life Insurance Company,日本生命保险相互会社
Nippon Steel Corporation,日本制铁株式会社
Nippon Steel Corporation,日本
Nippon Steel Corporation,制铁
Nippon Telegraph and Telephone Corporation,日本
Nippon Telegraph and Telephone Corporation,电信
Nippon Telegraph and Telephone Corporation,电话
Nippon Telegraph and Telephone Corporation,日本电信电话株式会社
Nippon Television Network Corporation,日本电视放送网株式会社
Nippon Television Network Corporation,日本
Nippon Television Network Corporation,电视
Nippon Television Network Corporation,放送网
Nirvana Asia,富贵集团
Nirvana Asia,富贵
"Nissan Motor Co., Ltd.",日产汽车株式会社
"Nissan Motor Co., Ltd.",日产
"Nissan Motor Co., Ltd.",汽车
Next Animation Studio,苹果
Next Animation Studio,动
Next Animation Studio,新闻
Next Animation Studio,苹果动新闻
Nokia Corporation,诺基亚公司
Nokia Corporation,诺基亚
Nielsen Holdings N.V.,尼尔森
"Nike, Inc.",耐克
Hyundai Mobis,现代
Hyundai Mobis,摩比斯
Hyundai Mobis,现代摩比斯
Hyundai Motor Company,现代
Hyundai Motor Company,汽车
Hyundai Motor Company,现代汽车株式会社
International Business Machines Corporation,国际商业机器公司
International Business Machines Corporation,国际
International Business Machines Corporation,商业
International Business Machines Corporation,机器
"International Consolidated Airlines Group, S.A.",国际航空集团股份有限公司
"International Consolidated Airlines Group, S.A.",国际
"International Consolidated Airlines Group, S.A.",航空
InterContinental Hotels Group plc,洲际酒店集团
InterContinental Hotels Group plc,洲际
InterContinental Hotels Group plc,酒店
Intel Corporation,英特尔股份有限公司
Intel Corporation,英特尔
"Japan Post Holdings Co., Ltd.",日本
"Japan Post Holdings Co., Ltd.",邮政
"Japan Post Holdings Co., Ltd.",日本邮政株式会社
Jardine Matheson Holdings Limited,怡和洋行
Jardine Matheson Holdings Limited,怡
Jardine Matheson Holdings Limited,和
Jardine Matheson Holdings Limited,洋行
Jaguar Land Rover Automotive PLC,捷豹
Jaguar Land Rover Automotive PLC,路虎
Jaguar Land Rover Automotive PLC,捷豹路虎
KLA Corporation,科天国际贸易
KLA Corporation,上海
KLA Corporation,有限公司
KLA Corporation,科天
KLA Corporation,国际
KLA Corporation,贸易
"Kansai Electric Power Co., Inc.",关西
"Kansai Electric Power Co., Inc.",电力
"Kansai Electric Power Co., Inc.",关西电力股份有限公司
Kia Corporation,起亚
Kia Corporation,汽车
Kia Corporation,起亚汽车株式会社
Kering,开云
Kerui Petroleum & Gas,科瑞
Kerui Petroleum & Gas,油气
Kerui Petroleum & Gas,科瑞油气
Lan-bridge Group,语言桥
Lan-bridge Group,语言桥
Lockheed Martin,洛克希德马丁
Lockheed Martin,洛克希德
Lockheed Martin,马丁
Lufthansa,汉莎航空
Lufthansa,汉莎
Lufthansa,航空
Louis Dreyfus Company,路易达孚
"Lowe's Companies, Inc.",劳氏公司
"Lowe's Companies, Inc.",劳氏
Mitsubishi Chemical Holdings Corporation,三菱
Mitsubishi Chemical Holdings Corporation,化学
Mitsubishi Chemical Holdings Corporation,三菱化学控股株式会社
Mitsubishi Corporation,三菱
Mitsubishi Corporation,商事
Mitsubishi Corporation,三菱商事株式会社
Mitsubishi Electric Corporation,三菱
Mitsubishi Electric Corporation,电机
Mitsubishi Electric Corporation,三菱电机株式会社
"Mitsubishi Heavy Industries, Ltd.",三菱
"Mitsubishi Heavy Industries, Ltd.",重工业
"Mitsubishi Heavy Industries, Ltd.",三菱重工业株式会社
Mitsubishi Motors Corporation,三菱
Mitsubishi Motors Corporation,汽车
Mitsubishi Motors Corporation,工业
Mitsubishi Motors Corporation,三菱汽车工业株式会社
"Mitsubishi UFJ Financial Group, Inc.",三菱日联金融集团
"Mitsubishi UFJ Financial Group, Inc.",三菱
"Mitsubishi UFJ Financial Group, Inc.",日联
"Mitsubishi UFJ Financial Group, Inc.",金融
"Mitsui & Co., Ltd.",三井物产
"Mitsui & Co., Ltd.",三井物产株式会社
"Mizuho Financial Group, Inc.",株式会社瑞穗金融集团
"Mizuho Financial Group, Inc.",瑞穗
"Mizuho Financial Group, Inc.",金融
Nortel Networks Corporation,北电网路公司
Nortel Networks Corporation,北电
Nortel Networks Corporation,网路
Northeastern University,东北
Northeastern University,大学
Northeastern University,东北大学
Northrop Grumman,诺斯洛普格鲁门
Northrop Grumman,诺斯洛普
Northrop Grumman,格鲁门公司
Novartis International AG,诺华
Novo Nordisk A/S,诺和诺德
Lanxess AG,朗盛集团
Lanxess AG,朗盛
LafargeHolcim Ltd,拉法基霍尔希姆
LafargeHolcim Ltd,拉法基
LafargeHolcim Ltd,霍尔希姆
Koninklijke Ahold Delhaize N.V.,皇家阿霍德德尔海兹集团
Koninklijke Ahold Delhaize N.V.,皇家
Koninklijke Ahold Delhaize N.V.,阿霍德德尔海兹
Koninklijke Philips N.V.,皇家
Koninklijke Philips N.V.,飞利浦
Koninklijke Philips N.V.,皇家飞利浦
LG Electronics Inc.,乐金
LG Electronics Inc.,电子
LG Electronics Inc.,乐金电子
Laboratories Inc.,杜比实验室
Laboratories Inc.,杜比
La Poste,法国
La Poste,邮政
La Poste,法国邮政
Metro AG,麦德龙
Metro AG,麦德龙集团
"Merck & Co., Inc.",默克公司
"Merck & Co., Inc.",默克
Mercuries Life Insurance Inc.,三商美邦人寿保险股份有限公司
Mercuries Life Insurance Inc.,三
Mercuries Life Insurance Inc.,商
Mercuries Life Insurance Inc.,美邦
Mercuries Life Insurance Inc.,人寿保险
Mettler-Toledo International Inc.,梅特勒托利多
Mettler-Toledo International Inc.,梅特勒
Mettler-Toledo International Inc.,托利多
"MetLife, Inc.",大都会人寿保险公司
"MetLife, Inc.",大都会
"MetLife, Inc.",人寿保险
Meiji Yasuda Life Insurance Company,明治
Meiji Yasuda Life Insurance Company,安田
Meiji Yasuda Life Insurance Company,生命
Meiji Yasuda Life Insurance Company,保険
Meiji Yasuda Life Insurance Company,相互会社
Meiji Yasuda Life Insurance Company,明治安田生命保険相互会社
Oil and Natural Gas Corporation,印度
Oil and Natural Gas Corporation,石油
Oil and Natural Gas Corporation,天然气
Oil and Natural Gas Corporation,印度石油天然气公司
Li & Fung Limited,利丰
Li & Fung Limited,利丰有限公司
Liberty Mutual Group,利宝
Liberty Mutual Group,互助
Liberty Mutual Group,保险
Liberty Mutual Group,利宝互助保险
Korea Electric Power Corporation,韩国
Korea Electric Power Corporation,电力
Korea Electric Power Corporation,公社
Korea Electric Power Corporation,韩国电力公社
McDonald's Corporation,麦当劳公司
McDonald's Corporation,麦当劳
McKesson Corporation,麦克森公司
McKesson Corporation,麦克森
McKinsey & Company,麦肯锡
McKinsey & Company,麦肯锡公司
Medtronic plc,美敦力公司
Medtronic plc,美
Medtronic plc,敦力
Mazda Motor Corporation,马自达
Mazda Motor Corporation,马自达株式会社
McCann Erickson Advertising,麦肯广告
McCann Erickson Advertising,麦肯
McCann Erickson Advertising,广告
"Mead Johnson & Company, LLC",美
"Mead Johnson & Company, LLC",赞臣
"Mead Johnson & Company, LLC",美赞臣
Nestlé S.A.,雀巢
Nestlé S.A.,雀巢公司
New York Life Insurance Company,纽约
New York Life Insurance Company,人寿保险
New York Life Insurance Company,纽约人寿保险公司
New York University,纽约大学
New York University,纽约
New York University,大学
Koç Holding A.Ş.,戈兹控股股份有限公司
Koç Holding A.Ş.,戈兹
"Lion Travel Service Co., Ltd",雄狮旅行社股份有限公司
"Lion Travel Service Co., Ltd",雄狮
"Lion Travel Service Co., Ltd",旅行社
Lloyds Banking Group plc,劳埃德银行
Lloyds Banking Group plc,劳埃德银行集团
Linkedin Corporation,领英
Lite-On Technology Corporation,光宝科技股份有限公司
Lite-On Technology Corporation,光宝
Marubeni Corporation,丸红株式会社
Marubeni Corporation,丸红
"Marriott International, Inc.",万豪
"Marriott International, Inc.",酒店
"Marriott International, Inc.",万豪酒店集团
Marks and Spencer Group plc,马莎百货
National Taiwan University,国立
National Taiwan University,台湾
National Taiwan University,大学
National Taiwan University,国立台湾大学
National University of Singapore,新加坡
National University of Singapore,国立
National University of Singapore,大学
National University of Singapore,新加坡国立大学
National Instruments,国家仪器股份有限公司
National Instruments,国家
National Instruments,仪器
NXP Semiconductors,恩智浦
NXP Semiconductors,半导体
NXP Semiconductors,恩智浦半导体
Kodak,伊士曼柯达公司
Kodak,伊士曼
Kodak,柯达
Kohler Co.,科勒公司
Kohler Co.,科勒
Manulife Finanicial Holdings Limited,宏利
Manulife Finanicial Holdings Limited,金融
Manulife Finanicial Holdings Limited,宏利金融股份有限公司
"Mapfre, S.A.",曼弗雷
Marathon Petroleum Corporation,马拉松石油公司
Marathon Petroleum Corporation,马拉松
Marathon Petroleum Corporation,石油
NEC Corporation,日本电气株式会社
NEC Corporation,日本
NEC Corporation,电气
Petroliam Nasional Berhad Petronas,马来西亚
Petroliam Nasional Berhad Petronas,国家
Petroliam Nasional Berhad Petronas,石油
Petroliam Nasional Berhad Petronas,马来西亚国家石油公司
Petróleos Mexicanos,墨西哥
Petróleos Mexicanos,石油
Petróleos Mexicanos,墨西哥石油公司
"Pfizer, Inc.",辉瑞
"Pfizer, Inc.",辉瑞公司
"Power Corporation of Canada, Inc.",加拿大
"Power Corporation of Canada, Inc.",鲍尔
"Power Corporation of Canada, Inc.",加拿大鲍尔集团股份有限公司
Powertech Technology Inc.,力成科技股份有限公司
Powertech Technology Inc.,力成
State Farm,州立农业保险公司
State Farm,州立
State Farm,农业
State Farm,保险
State Street Corporation,道富
State Street Corporation,道富公司
Standard Chartered PLC,渣打
Standard Chartered PLC,渣打集团有限公司
Starbucks Corporation,星巴克
Starbucks Corporation,星巴克股份有限公司
Phoenix Group Holdings plc,凤凰
Phoenix Group Holdings plc,凤凰集团控股股份有限公司
"Pizza Hut, Inc.",必胜客
"Pizza Hut, Inc.",必胜客股份有限公司
Rio Tinto Group,力拓集团
Rio Tinto Group,力拓
Robert Bosch GmbH,罗伯特
Robert Bosch GmbH,博世有限公司
Robert Bosch GmbH,罗伯特
Robert Bosch GmbH,博世
Robert Rexroth,博世力
Robert Rexroth,士乐
Robert Rexroth,博世力士乐
Sheraton Hotels and Resorts,喜
Sheraton Hotels and Resorts,来
Sheraton Hotels and Resorts,登
Sheraton Hotels and Resorts,酒店
Sheraton Hotels and Resorts,与
Sheraton Hotels and Resorts,度假村
Sheraton Hotels and Resorts,喜来登酒店与度假村集团
Sheng Hong Group Holdings Limited,盛虹控股集团有限公司
Sheng Hong Group Holdings Limited,盛虹
"Shiseido Company, Limited",资生堂
"Shiseido Company, Limited",株式会社资生堂
Siemens Aktiengesellschaft,西门子
Siemens Aktiengesellschaft,西门子股份公司
Siemens Healthineers,西门子医疗
Siemens Healthineers,西门子
Siemens Healthineers,医疗
Poste Italiane S.p.A.,意大利
Poste Italiane S.p.A.,邮政
Poste Italiane S.p.A.,意大利邮政集团
Royal Bank of Canada,加拿大皇家银行
Royal Bank of Canada,加拿大
Royal Bank of Canada,皇家
Royal Bank of Canada,银行
Royal DSM N.V.,帝斯曼
Royal Dutch Shell Plc,荷兰
Royal Dutch Shell Plc,皇家
Royal Dutch Shell Plc,壳牌
Royal Dutch Shell Plc,荷兰皇家壳牌集团
Roland Berger Holding GmbH,罗兰
Roland Berger Holding GmbH,贝格
Roland Berger Holding GmbH,罗兰贝格
Rosneft OAO,俄罗斯
Rosneft OAO,石油
Rosneft OAO,俄罗斯石油公司
Roche Holding AG,罗氏
"Rockwell Automation, Inc.",洛克威尔
"Rockwell Automation, Inc.",自动化
"Rockwell Automation, Inc.",洛克威尔自动化公司
"Sompo Holdings, Inc.",损保
"Sompo Holdings, Inc.",损保控股株式会社
Sony Corporation,索尼株式会社
Sony Corporation,索尼
Sony Mobile Communications Inc.,索尼移动通信股份有限公司
Sony Mobile Communications Inc.,索尼
Sony Mobile Communications Inc.,移动
Sony Mobile Communications Inc.,通信
Samsung C&T Corporation,三星物产
Samsung C&T Corporation,三星
Samsung C&T Corporation,物产
Samsung Group,三星集团
Samsung Group,三星
Samsung Life Insurance,三星
Samsung Life Insurance,生命
Samsung Life Insurance,保险
Samsung Life Insurance,三星生命保险
Saatchi & Saatchi,上奇广告
Saatchi & Saatchi,上奇
Saatchi & Saatchi,广告
Safran S.A.,赛峰
Safran S.A.,赛峰集团
Sanmina Corporation,新
Sanmina Corporation,美亚
Sanmina Corporation,电子
Sanmina Corporation,制造
Sanmina Corporation,服务
Sanmina Corporation,新美亚电子制造服务公司
Sanofi S.A.,赛诺菲
Schlumberger Limited,斯伦贝谢
Schlumberger Limited,斯伦贝谢有限公司
Schneider Electric EA,施耐德电气公司
Schneider Electric EA,施耐德
Schneider Electric EA,电气
Saudi Arabian Oil Company,沙特阿拉伯国家石油公司
Saudi Arabian Oil Company,沙特阿拉伯
Saudi Arabian Oil Company,国家
Saudi Arabian Oil Company,石油
Savings Bank of the Russian Federation,俄罗斯联邦储蓄银行
Savings Bank of the Russian Federation,俄罗斯
Savings Bank of the Russian Federation,联邦
Savings Bank of the Russian Federation,储蓄
Savings Bank of the Russian Federation,银行
Stiftelsen Det Norske Veritas,挪威船级社
Stiftelsen Det Norske Veritas,挪威
Stiftelsen Det Norske Veritas,船级社
Otis Elevator Company,奥的斯
Otis Elevator Company,电梯
Otis Elevator Company,奥的斯电梯公司
PTT Public Company Limited,泰国国家石油股份有限公司
PTT Public Company Limited,泰国
PTT Public Company Limited,国家
PTT Public Company Limited,石油
Quanta Computer Incorporated,广达
Quanta Computer Incorporated,电脑
Quanta Computer Incorporated,广达电脑股份有限公司
Qualcomm Inc.,高通股份有限公司
Qualcomm Inc.,高通
Purdue University,普渡
Purdue University,大学
Purdue University,普渡大学
Shanghai Baosight Software,上海宝信软件股份有限公司
Shanghai Baosight Software,上海
Shanghai Baosight Software,宝信
Shanghai Baosight Software,软件
"Seven & I Holdings Co., Ltd.",株式会社
"Seven & I Holdings Co., Ltd.",控股
PepsiCo Inc,百事
PepsiCo Inc,百事公司
PricewaterhouseCoopers,普华永道
Procter & Gamble Company,宝洁
Procter & Gamble Company,宝洁公司
"S.C. Johnson & Son, Inc.",美国
"S.C. Johnson & Son, Inc.",庄臣
"S.C. Johnson & Son, Inc.",美国庄臣
SAS Institute Inc.,赛仕
SAS Institute Inc.,软件
SAS Institute Inc.,赛仕软件
"Square Enix Holdings Co., Ltd.",株式会社史克威尔艾尼克斯控股
"Square Enix Holdings Co., Ltd.",史克威尔艾尼克斯
PACCAR Inc.,帕卡
Pico,笔克
Philip Morris International Inc.,菲利普莫里斯国际公司
Philip Morris International Inc.,菲利普莫里斯
Philip Morris International Inc.,国际
"Rakuten, Inc.",乐天
"Rakuten, Inc.",乐天株式会社
POSCO,浦项钢铁
POSCO,浦项
POSCO,钢铁
PJSC Lukoil,卢克石油股份公司
PJSC Lukoil,卢克
PJSC Lukoil,石油
"Red Hat, Inc.",红帽
"Red Hat, Inc.",红帽公司
Reckitt Benckiser Group plc,利洁
Reckitt Benckiser Group plc,时
Reckitt Benckiser Group plc,利洁时
Société Cartier,卡地亚
Société Générale,法国
Société Générale,兴业
Société Générale,银行
Société Générale,法国兴业银行
Société nationale des chemins de fer français,法国
Société nationale des chemins de fer français,国家
Société nationale des chemins de fer français,铁路
Société nationale des chemins de fer français,法国国家铁路公司
Sodexo S.A.,索迪斯
SoftBank Group Corp.,软银集团股份有限公司
SoftBank Group Corp.,软银
Panasonic Corporation,松下
Panasonic Corporation,电器
Panasonic Corporation,松下电器株式会社
Pegatron Corporation,和硕联合科技股份有限公司
Pegatron Corporation,和
Pegatron Corporation,硕
Pegatron Corporation,联合
"Perfect World Entertainment, Inc.",完美世界
"Perfect World Entertainment, Inc.",完美
"Perfect World Entertainment, Inc.",世界
Perfetti Van Melle Group B.c.,不凡
Perfetti Van Melle Group B.c.,帝范梅勒
Perfetti Van Melle Group B.c.,不凡帝范梅勒
Repsol S.A.,西班牙
Repsol S.A.,国家
Repsol S.A.,石油
Repsol S.A.,西班牙国家石油公司
Renault S.A.,雷诺
Reliance Industries Limited,信实
Reliance Industries Limited,工业
Reliance Industries Limited,信实工业公司
Seagate Technology PLC,希捷科技
Seagate Technology PLC,希捷
STMicroelectronics N.V.,意法
STMicroelectronics N.V.,半导体
STMicroelectronics N.V.,意法半导体
Suzuki Motor Corporation,铃木
Suzuki Motor Corporation,铃木公司
Subaru Corporation,斯巴鲁
Subaru Corporation,斯巴鲁公司
Toronto-Dominion Bank,多伦多
Toronto-Dominion Bank,道明
Toronto-Dominion Bank,银行
Toronto-Dominion Bank,多伦多道明银行
Toshiba Corporation,株式会社东芝
Toshiba Corporation,东芝
Total S.A.,道达尔
Toyota Motor Corporation,丰田
Toyota Motor Corporation,汽车
Toyota Motor Corporation,丰田汽车株式会社
Trafigura Group Pte. Ltd.,托克集团
Trafigura Group Pte. Ltd.,托克
Wells Fargo & Co.,富国
Wells Fargo & Co.,银行
Wells Fargo & Co.,富国银行
"WeBank Co., Ltd.",深圳
"WeBank Co., Ltd.",前海
"WeBank Co., Ltd.",微众
"WeBank Co., Ltd.",银行
"WeBank Co., Ltd.",深圳前海微众银行股份有限公司
Suncity Group Holdings Limited,太阳城
Suncity Group Holdings Limited,太阳城集团
Suncor Energy Inc.,森科能源公司
Suncor Energy Inc.,森科
Suncor Energy Inc.,能源
Sumitomo Corporation,住友商事株式会社
Sumitomo Corporation,住友
Sumitomo Corporation,商事
"Sumitomo Electric Industries, Ltd.",住友
"Sumitomo Electric Industries, Ltd.",电气
"Sumitomo Electric Industries, Ltd.",工业
"Sumitomo Electric Industries, Ltd.",住友电气工业株式会社
Sumitomo Life Insurance Company,住友
Sumitomo Life Insurance Company,生命
Sumitomo Life Insurance Company,保险
Sumitomo Life Insurance Company,相互会社
Sumitomo Life Insurance Company,住友生命保险相互会社
"Sumitomo Mitsui Financial Group, Inc.",三井住友
"Sumitomo Mitsui Financial Group, Inc.",金融
"Sumitomo Mitsui Financial Group, Inc.",株式会社三井住友金融集团
Tata Motors Limited,塔塔
Tata Motors Limited,汽车
Tata Motors Limited,塔塔汽车有限公司
United Microelectronics Corporation,联华电子股份有限公司
United Microelectronics Corporation,联华
United Microelectronics Corporation,电子
United Overseas Bank Limited,大华
United Overseas Bank Limited,银行
United Overseas Bank Limited,大华银行有限公司
"United Parcel Service, Inc.",联合包裹服务公司
"United Parcel Service, Inc.",联合
"United Parcel Service, Inc.",包裹
"United Parcel Service, Inc.",服务
United Services Automobile Association,联合
United Services Automobile Association,服务
United Services Automobile Association,汽车
United Services Automobile Association,联合服务汽车协会
United Airlines,联合
United Airlines,航空
United Airlines,联合航空
Unilever plc,联合利华
UnitedHealth Group Inc.,联合
UnitedHealth Group Inc.,健康
UnitedHealth Group Inc.,联合健康集团
Ubisoft Entertainment SA,育碧
Ubisoft Entertainment SA,娱乐
Ubisoft Entertainment SA,育碧娱乐公司
Underwriters Laboratories Inc.,保险商
Underwriters Laboratories Inc.,保险商实验室
Zurich Insurance Group Ltd,苏黎世
Zurich Insurance Group Ltd,保险
Zurich Insurance Group Ltd,苏黎世保险集团有限公司
Sun Life Financial Inc.,永明
Sun Life Financial Inc.,金融
Sun Life Financial Inc.,永明金融集团股份有限公司
Telefonaktiebolaget L. M. Ericsson,爱立信集团
Telefonaktiebolaget L. M. Ericsson,爱立信
"Telefónica, S.A.",西班牙
"Telefónica, S.A.",电信
"Telefónica, S.A.",西班牙电信
Trend Micro Inc.,趋势
Trend Micro Inc.,趋势科技股份有限公司
Trip.com Group Limited,携程集团
Trip.com Group Limited,携程
Trip.com Group Limited,旅行网
Trip.com Group Limited,携程
"TripAdvisor, Inc.",猫途鹰
WuXi AppTec,药明康德
Woolworths,沃尔沃斯
Wistron Corporation,纬创资通股份有限公司
Wistron Corporation,纬创
Wistron Corporation,资通
Taiwan Cooperative Bank,合作金库银行
Taiwan Cooperative Bank,合作
Taiwan Cooperative Bank,金库
Taiwan Cooperative Bank,银行
"Taiwan Mobile Co., Ltd.",台湾大哥大股份有限公司
"Taiwan Mobile Co., Ltd.",台湾
"Taiwan Mobile Co., Ltd.",大哥大
"Taiwan Semiconductor Manufacturing Co., Ltd.",台湾积体电路制造股份有限公司
"Taiwan Semiconductor Manufacturing Co., Ltd.",台湾
"Taiwan Semiconductor Manufacturing Co., Ltd.",积体
"Taiwan Semiconductor Manufacturing Co., Ltd.",电路
"Taiwan Semiconductor Manufacturing Co., Ltd.",制造
Takeda Pharmaceutical Company Limited,武田药品工业株式会社
Takeda Pharmaceutical Company Limited,武田
Takeda Pharmaceutical Company Limited,药品
Takeda Pharmaceutical Company Limited,工业
The Adecco Group AG,德科集团
The Adecco Group AG,德科
The Allstate Corporation,好事
The Allstate Corporation,达
The Allstate Corporation,好事达
Teradata Corporation,天睿资讯系统有限公司
Teradata Corporation,天睿
Teradata Corporation,资讯
Teradata Corporation,系统
Texas A&M University,得克萨斯
Texas A&M University,农工
Texas A&M University,大学
Texas A&M University,得克萨斯农工大学
Texas Instruments,德州
Texas Instruments,仪器
Texas Instruments,德州仪器
Tesla Inc.,特斯拉
"Test Rite International Co., Ltd.",特力股份有限公司
"Test Rite International Co., Ltd.",特力
The Boeing Company,波音公司
The Boeing Company,波音
"University of California, Berkeley",伯克利
"University of California, Berkeley",加利福尼亚
"University of California, Berkeley",大学
"University of California, Berkeley",伯克利加利福尼亚大学
University of Illinois at Urbana-Champaign,伊利诺伊
University of Illinois at Urbana-Champaign,大学
University of Illinois at Urbana-Champaign,厄巴纳
University of Illinois at Urbana-Champaign,尚
University of Illinois at Urbana-Champaign,佩恩
University of Illinois at Urbana-Champaign,分校
University of Illinois at Urbana-Champaign,伊利诺伊大学厄巴纳
University of Illinois at Urbana-Champaign,尚佩恩分校
University of Michigan,密歇根
University of Michigan,大学
University of Michigan,密歇根大学
University of Minnesota,美国明尼苏达大学双城分校
University of Minnesota,美国
University of Minnesota,明尼苏达
University of Minnesota,大学
University of Minnesota,双城
University of Minnesota,分校
University of Nottingham,诺丁汉
University of Nottingham,大学
University of Nottingham,诺丁汉大学
University of Pennsylvania,宾夕法尼亚
University of Pennsylvania,大学
University of Pennsylvania,宾夕法尼亚大学
University of Southern California,南加州大学
University of Southern California,南加州
University of Southern California,大学
University of Wisconsin-Madison,威斯康星
University of Wisconsin-Madison,大学
University of Wisconsin-Madison,麦迪逊
University of Wisconsin-Madison,分校
University of Wisconsin-Madison,威斯康星大学麦迪逊分校
"The Ritz-Carlton Hotel Company, LLC",丽思卡尔顿酒店
"The Ritz-Carlton Hotel Company, LLC",丽思
"The Ritz-Carlton Hotel Company, LLC",卡尔顿
"The Ritz-Carlton Hotel Company, LLC",酒店
The Progressive Corporation,前进
The Progressive Corporation,保险
The Progressive Corporation,前进保险
Volkswagen Group,大众集团
Volkswagen Group,大众
Volvo,沃尔沃
Volvo,沃尔沃集团
Vodafone Group plc,沃达丰
Vodafone Group plc,沃达丰集团
Visteon Corporation,伟世通
Visteon Corporation,伟
Visteon Corporation,世通
"Tokio Marine Holdings, Inc.",东京
"Tokio Marine Holdings, Inc.",海上
"Tokio Marine Holdings, Inc.",东京海上控股
"Tokyo Electric Power Company Holdings, Incorporated",东京电力控股株式会社
"Tokyo Electric Power Company Holdings, Incorporated",东京
"Tokyo Electric Power Company Holdings, Incorporated",电力
ThyssenKrupp AG,蒂森克虏伯
ThyssenKrupp AG,蒂森克虏伯股份公司
ThoughtWorks,思特沃克软件技术
ThoughtWorks,中国
ThoughtWorks,有限公司
ThoughtWorks,思特沃克
ThoughtWorks,软件
"Walgreens Boots Alliance, Inc.",沃尔格林
"Walgreens Boots Alliance, Inc.",联合
"Walgreens Boots Alliance, Inc.",博姿
"Walgreens Boots Alliance, Inc.",沃尔格林联合博姿
Walmart Inc,沃尔玛百货有限公司
Walmart Inc,沃尔玛
Walmart Inc,百货
WPG Holdings,大联大投资控股股份有限公司
WPG Holdings,大
WPG Holdings,联大
WPG Holdings,投资
"taiwan fu hsing industrial co., ltd.",台湾福兴工业股份有限公司
"taiwan fu hsing industrial co., ltd.",台湾
"taiwan fu hsing industrial co., ltd.",福兴
"taiwan fu hsing industrial co., ltd.",工业
Électricité de France S.A,法国
Électricité de France S.A,电力
Électricité de France S.A,法国电力公司
Synopsys Inc.,新思科技股份有限公司
Synopsys Inc.,新思
TOYOTA TSUSHO CORPORATION,丰田通商
TOYOTA TSUSHO CORPORATION,丰田
TOYOTA TSUSHO CORPORATION,通商
"TP-Link Technologies Co., Ltd.",普联技术有限公司
"TP-Link Technologies Co., Ltd.",普联
TE Connectivity Ltd.,泰科电子
TE Connectivity Ltd.,泰科
TE Connectivity Ltd.,电子
U.S. Bancorp,美国
U.S. Bancorp,合众
U.S. Bancorp,银行
U.S. Bancorp,美国合众银行
UBS Group AG,瑞银集团
UBS Group AG,瑞银
Winbond Electronics Corp.,华邦电子股份有限公司
Winbond Electronics Corp.,华邦
Winbond Electronics Corp.,电子
Westpac Banking Corporation,西太平洋银行
Westpac Banking Corporation,西
Westpac Banking Corporation,太平洋
Westpac Banking Corporation,银行
Wilmar International,丰益
Wilmar International,国际
Wilmar International,丰益国际有限公司
The Kroger Company,克罗格公司
The Kroger Company,克罗格
"The Goldman Sachs Group, Inc.",高盛集团公司
"The Goldman Sachs Group, Inc.",高盛
"The Dai-ichi Life Insurance Company, Limited",第一生命保险株式会社
"The Dai-ichi Life Insurance Company, Limited",第一
"The Dai-ichi Life Insurance Company, Limited",生命
"The Dai-ichi Life Insurance Company, Limited",保险
Vinci S.A.,万
Vinci S.A.,喜
Vinci S.A.,万喜
Verizon Communications Inc.,威瑞森
Verizon Communications Inc.,通信
Verizon Communications Inc.,威瑞森通信
Veolia Environnement S.A.,威立雅环境
Veolia Environnement S.A.,威立雅
Veolia Environnement S.A.,环境
ZF Friedrichshafen AG,采埃
ZF Friedrichshafen AG,孚
ZF Friedrichshafen AG,采埃孚公司
The Travelers Companies,旅行家
The Travelers Companies,旅行家集团
The Venetian Macao,澳门威尼斯人
The Venetian Macao,澳门
The Venetian Macao,威尼斯
The Venetian Macao,人
Thomson Reuters Corporation,汤森路透公司
Thomson Reuters Corporation,汤森路透
Vale S.A.,淡水
Vale S.A.,河谷
Vale S.A.,淡水河谷公司
Valeo S.A.,法雷奥集团
Valeo S.A.,法雷奥
Valero Energy Corporation,瓦莱罗
Valero Energy Corporation,能源
Valero Energy Corporation,瓦莱罗能源
Yang Ming Marine Transport Corporation,阳明
Yang Ming Marine Transport Corporation,海运
Yang Ming Marine Transport Corporation,阳明海运股份有限公司
YONEX,尤尼克斯
Wärtsilä,瓦锡兰
中国建筑材料集团有限公司,中国
中国建筑材料集团有限公司,建筑
中国建筑材料集团有限公司,材料
中国枫叶教育集团有限公司,中国
中国枫叶教育集团有限公司,枫叶
中国枫叶教育集团有限公司,教育
中国电信股份有限公司,中国
中国电信股份有限公司,电信
中国银行(香港)有限公司,中国银行
中国银行(香港)有限公司,香港
中国银行(香港)有限公司,有限公司
中国银行(香港)有限公司,中国
中国银行(香港)有限公司,银行
中国首控集团有限公司,中国
中国首控集团有限公司,首创
中国首控集团有限公司,中国
中国首控集团有限公司,首控
中国联合网络通信集团有限公司,中国
中国联合网络通信集团有限公司,联合
中国联合网络通信集团有限公司,网络
中国联合网络通信集团有限公司,通信
中国邮政集团有限公司,中国
中国邮政集团有限公司,邮政
中国石油化工集团有限公司,中国
中国石油化工集团有限公司,石油
中国石油化工集团有限公司,化工
中信银行(国际)有限公司,中信
中信银行(国际)有限公司,银行
中信银行(国际)有限公司,中信银行
中信银行(国际)有限公司,国际
中信银行(国际)有限公司,有限公司
中国农业银行股份有限公司,中国
中国农业银行股份有限公司,农业
中国农业银行股份有限公司,银行
上海宝尊电子商务有限公司,上海
上海宝尊电子商务有限公司,宝尊
上海宝尊电子商务有限公司,电子
上海宝尊电子商务有限公司,商务
三六零安全科技股份有限公司,三六零
三六零安全科技股份有限公司,安全
上海建工集团,上海
上海建工集团,建工
上海爱乐奇网络科技有限公司,上海
上海爱乐奇网络科技有限公司,爱乐奇
上海爱乐奇网络科技有限公司,网络
国家开发银行,国家
国家开发银行,开发
国家开发银行,银行
国家电网有限公司,国家
国家电网有限公司,电网
太平洋恩利国际控股有限公司,太平洋
太平洋恩利国际控股有限公司,恩利
太平洋恩利国际控股有限公司,国际
国泰航空有限公司,国泰
国泰航空有限公司,航空
复星国际有限公司,复星
复星国际有限公司,国际
大同煤矿集团公司,大同
大同煤矿集团公司,煤矿
大家乐集团有限公司,大家
大家乐集团有限公司,乐
壹传媒有限公司,壹传媒
安徽海螺集团有限责任公司,安徽
安徽海螺集团有限责任公司,海螺
大瀚人力资源集团,大瀚
大瀚人力资源集团,人力
大瀚人力资源集团,资源
小米集团,小米
小鹏汽车,小鹏
小鹏汽车,汽车
山西阳泉煤业(集团)有限责任公司,山西阳泉煤业
山西阳泉煤业(集团)有限责任公司,集团
山西阳泉煤业(集团)有限责任公司,有限责任公司
山西阳泉煤业(集团)有限责任公司,山西
山西阳泉煤业(集团)有限责任公司,阳泉
山西阳泉煤业(集团)有限责任公司,煤业
广州唯品会信息科技有限公司&唯品会(中国)有限公司,广州
广州唯品会信息科技有限公司&唯品会(中国)有限公司,唯品会
广州唯品会信息科技有限公司&唯品会(中国)有限公司,信息
山东能源集团有限公司,山东
山东能源集团有限公司,能源
屈臣氏集团(中国香港)有限公司,屈臣氏
屈臣氏集团(中国香港)有限公司,屈臣氏集团
屈臣氏集团(中国香港)有限公司,中国香港
屈臣氏集团(中国香港)有限公司,有限公司
尚德在线教育科技有限公司,尚德
尚德在线教育科技有限公司,机构
尚德在线教育科技有限公司,尚德
尚德在线教育科技有限公司,在线
尚德在线教育科技有限公司,教育
山西潞安矿业(集团)有限责任公司,山西
山西潞安矿业(集团)有限责任公司,潞安
山西潞安矿业(集团)有限责任公司,矿业
康师傅控股有限公司,康师傅
德勤中国,德勤
德勤中国,中国
泰豪科技,泰豪
正威国际集团有限公司,正威
正威国际集团有限公司,国际
海通证券股份有限公司,海通
海通证券股份有限公司,证券
浙江吉利控股集团,浙江
浙江吉利控股集团,吉利
河南能源化工集团有限责任公司,河南
河南能源化工集团有限责任公司,能源
河南能源化工集团有限责任公司,化工
海尔智家,海尔
海尔智家,智家
浪潮集团,浪潮
泰康人寿保险股份有限公司,泰康
泰康人寿保险股份有限公司,人寿保险
欧莱雅集团,欧莱雅
腾讯科技股份有限公司,腾讯
肯耐珂萨人力资源科技股份有限公司,肯耐
肯耐珂萨人力资源科技股份有限公司,珂萨
肯耐珂萨人力资源科技股份有限公司,人力
肯耐珂萨人力资源科技股份有限公司,资源
苏州钰创科技,苏州
苏州钰创科技,钰创
美的集团,美的
美团,美团
美团,网
美团,美团
美团,点评
美团,美团网
美团,大众点评网
美团,美团
美团,美团
美团,大众点评
美团,美团
美团,外卖
网易公司,网易
联想集团有限公司,联想
药明生物技术有限公司,药明
药明生物技术有限公司,生物
翠华控股有限公司,翠华
中国中煤能源集团公司,中国
中国中煤能源集团公司,中煤
中国中煤能源集团公司,能源
中国中车集团有限公司,中国
中国中车集团有限公司,中车
中国五矿集团公司,中国
中国五矿集团公司,五
中国五矿集团公司,矿
中国交通建设股份有限公司,中国
中国交通建设股份有限公司,交通
中国交通建设股份有限公司,建设
中国人寿保险股份有限公司,中国
中国人寿保险股份有限公司,人寿保险
出门问问,出门
出门问问,问问
分众传媒,分众
分众传媒,传媒
凤凰卫视投资(控股)有限公司,凤凰
凤凰卫视投资(控股)有限公司,卫视
凤凰卫视投资(控股)有限公司,投资
凤凰卫视投资(控股)有限公司,凤凰卫视投资
凤凰卫视投资(控股)有限公司,控股
凤凰卫视投资(控股)有限公司,有限公司
中芯国际集成电路制造有限公司,中芯国际
中芯国际集成电路制造有限公司,集成电路
中芯国际集成电路制造有限公司,制造
乐视网信息技术(北京)股份有限公司,乐视网
乐视网信息技术(北京)股份有限公司,信息
乐视网信息技术(北京)股份有限公司,乐视网信息技术
乐视网信息技术(北京)股份有限公司,北京
乐视网信息技术(北京)股份有限公司,股份有限公司
冀中能源集团有限责任公司,冀中
冀中能源集团有限责任公司,能源
北京字节跳动科技有限公司,北京
北京字节跳动科技有限公司,字节跳动
兖矿集团有限公司,兖矿
北京汽车工业控股有限责任公司,北京
北京汽车工业控股有限责任公司,汽车
北京汽车工业控股有限责任公司,工业
前程无忧,前程无忧
华润水泥控股有限公司,华润
华润水泥控股有限公司,水泥
华润置地有限公司,华润
华润置地有限公司,置地
去哪儿网,去哪儿网
友邦保险控股有限公司,友邦
友邦保险控股有限公司,保险
北京锐仕方达人力资源集团有限公司,北京
北京锐仕方达人力资源集团有限公司,锐仕方
北京锐仕方达人力资源集团有限公司,达人力
北京锐仕方达人力资源集团有限公司,资源
华谊兄弟传媒股份有限公司,华谊
华谊兄弟传媒股份有限公司,兄弟
华谊兄弟传媒股份有限公司,传媒
合一集团,合一
君合律师事务所,君合
君合律师事务所,律师
君合律师事务所,事务所
华夏人寿保险股份有限公司,华夏
华夏人寿保险股份有限公司,人寿保险
南威软件股份有限公司,南威
南威软件股份有限公司,软件
华住酒店集团,华住
华住酒店集团,酒店
恒力集团,恒力
恒大地产集团有限公司,恒大
恒大地产集团有限公司,地产
搜房网,搜房网
搜狐公司,搜狐
晋能控股装备制造集团有限责任公司,晋能
晋能控股装备制造集团有限责任公司,装备
晋能控股装备制造集团有限责任公司,制造
新奥集团,新奥
时代中国控股有限公司,时代
时代中国控股有限公司,中国
智联招聘,智联
智联招聘,招聘
拼多多,拼多多
有道,有
有道,道
招商局集团,招商局
神州数码集团股份有限公司,神州
神州数码集团股份有限公司,数码
猎豹移动,猎豹
猎豹移动,移动
电讯盈科有限公司,电讯
电讯盈科有限公司,盈科
淘宝网,淘宝网
猎聘网,猎聘网
游族网络股份有限公司,游族
游族网络股份有限公司,网络
碧桂园控股有限公司,碧桂园
百度公司,百度
真格基金,真格
真格基金,基金
金山软件有限公司,金山
金山软件有限公司,软件
金川集团,金川
银河娱乐集团有限公司,银河
银河娱乐集团有限公司,娱乐
长江和记实业有限公司,长江
长江和记实业有限公司,和记
长江和记实业有限公司,实业
金蝶国际软件集团有限公司,金蝶
金蝶国际软件集团有限公司,国际
金蝶国际软件集团有限公司,软件
途牛旅游网,途牛
途牛旅游网,旅游网
触控科技,触控
阿里巴巴集团,阿里巴巴
象屿集团,象屿
蘑菇街,蘑菇街
鞍山钢铁集团公司,鞍山
鞍山钢铁集团公司,钢铁
首创置业股份有限公司,首创
首创置业股份有限公司,置业
香港上海汇丰银行有限公司,香港
香港上海汇丰银行有限公司,上海
香港上海汇丰银行有限公司,汇丰
香港上海汇丰银行有限公司,银行
香港空运货站有限公司,香港
香港空运货站有限公司,空运
香港空运货站有限公司,货站
龙湖集团,龙湖
